
> atolye-v2@0.1.0 build
> next build

▲ Next.js 16.3.8 (Turbopack)
✓ Running next.config.ts took 25ms

⚠ The "middleware" file convention is deprecated. Please use "proxy" instead.

  To migrate automatically, run:
  npx @next/codemod@canary middleware-to-proxy .

  Learn more: https://nextjs.org/docs/messages/middleware-to-proxy
  Creating an optimized production build ...
✓ Compiled successfully in 11.1s
  Running TypeScript ...
  Finished TypeScript in 16.6s ...
  Collecting page data using 31 workers ...
  Generating static pages using 31 workers (0/28) ...
  Generating static pages using 31 workers (7/28) 
  Generating static pages using 31 workers (14/28) 
  Generating static pages using 31 workers (21/28) 
✓ Generating static pages using 31 workers (28/28) in 293ms
Turbopack build encountered 129 warnings:
./src/lib/ayas/execution/AyasSafeExecutors.ts:131:14
Warning: The file pattern ('/ROOT//' <dynamic> | <dynamic> '/' <dynamic> | '/ROOT/' <dynamic> | <dynamic>) matches 15080 files in [project]/
  129 |   let cursor = REPO_ROOT;
  130 |   for (const segment of relativePath.split("/")) {
> 131 |     cursor = path.join(cursor, segment);
      |              ^^^^^^^^^^^^^^^^^^^^^^^^^^
  132 |     try {
  133 |       if (fs.lstatSync(cursor).isSymbolicLink()) {
  134 |         throw new AyasActionValidationError("path-denied", "bağlantılı depo yolu okunamaz");

Overly broad patterns can lead to build performance issues and over bundling.

Import traces:
  #1 [App Route]:
    ./src/lib/ayas/execution/AyasSafeExecutors.ts
    ./src/lib/ayas/execution/AyasGuidedRepair.ts
    ./src/lib/ayas/execution/AyasGuidedRepairSessionStore.ts
    ./app/api/ayas/chat/stream/route.ts

  #2 [App Route]:
    ./src/lib/ayas/execution/AyasSafeExecutors.ts
    ./src/lib/ayas/execution/AyasActionRuntime.ts
    ./src/lib/ayas/execution/AyasGuidedRepairProduction.ts
    ./app/api/ayas/chat/stream/route.ts

  #3 [Server Component]:
    ./src/lib/ayas/execution/AyasSafeExecutors.ts
    ./src/lib/ayas/execution/AyasActionRuntime.ts
    ./src/lib/ayas/AyasChatStream.ts
    ./app/brain/actions.ts
    ./src/components/brain/AyasConsolePage.tsx
    ./app/brain/page.tsx


./src/lib/audio/music/MusicLibrary.ts:117:28
Warning: The file pattern (<dynamic> '/' <dynamic> '/' <dynamic> | '/ROOT/public/music/' <dynamic> '/' <dynamic> | <dynamic> '/' <dynamic> | '/ROOT/public/music' <dynamic> '/' <dynamic> | <dynamic> '/' <dynamic> | '/ROOT/public/music/' <dynamic> | <dynamic> | '/ROOT/public/music' <dynamic>) matches 11323 files in [project]/
  115 |     .sort((a, b) => a.localeCompare(b))
  116 |     .map((fileName) => {
> 117 |       const absolutePath = path.join(dir, fileName);
      |                            ^^^^^^^^^^^^^^^^^^^^^^^^
  118 |       const sidecar = readSidecar(absolutePath);
  119 |       return {
  120 |         mood,

Overly broad patterns can lead to build performance issues and over bundling.

Import traces:
  #1 [App Route]:
    ./src/lib/audio/music/MusicLibrary.ts
    ./src/lib/audio/AudioCompensationStore.ts
    ./src/lib/assets/storage/AudioStorage.ts
    ./app/api/assets/audio/[slug]/[fileName]/route.ts

  #2 [App Route]:
    ./src/lib/audio/music/MusicLibrary.ts
    ./src/lib/audio/music/AudioMusicSelection.ts
    ./src/lib/pipeline/PipelineStageExecutor.ts
    ./src/lib/pipeline/PipelineRunner.ts
    ./app/api/projects/[slug]/pipeline/resume/route.ts

  #3 [Instrumentation]:
    ./src/lib/audio/music/MusicLibrary.ts
    ./src/lib/audio/music/AudioMusicSelection.ts
    ./src/lib/pipeline/PipelineStageExecutor.ts
    ./src/lib/pipeline/PipelineRunner.ts
    ./src/lib/production/ProductionPipelineExecutionConfiguration.ts
    ./src/lib/runtime/ProductionRuntimeCompositionRoot.ts
    ./instrumentation.ts


./src/lib/audio/sfx/SfxLibrary.ts:131:28
Warning: The file pattern (<dynamic> '/' <dynamic> '/' <dynamic> | '/ROOT/public/sfx/' <dynamic> '/' <dynamic> | <dynamic> '/' <dynamic> | '/ROOT/public/sfx' <dynamic> '/' <dynamic> | <dynamic> '/' <dynamic> | '/ROOT/public/sfx/' <dynamic> | <dynamic> | '/ROOT/public/sfx' <dynamic>) matches 11253 files in [project]/
  129 |     .sort((a, b) => a.localeCompare(b))
  130 |     .map((fileName) => {
> 131 |       const absolutePath = path.join(dir, fileName);
      |                            ^^^^^^^^^^^^^^^^^^^^^^^^
  132 |       const sidecar = readSidecar(absolutePath);
  133 |       const rightsStatus = classifyMediaRightsStatus(sidecar.license);
  134 |       return {

Overly broad patterns can lead to build performance issues and over bundling.

Import traces:
  #1 [App Route]:
    ./src/lib/audio/sfx/SfxLibrary.ts
    ./src/lib/audio/AudioCompensationStore.ts
    ./src/lib/assets/storage/AudioStorage.ts
    ./app/api/assets/audio/[slug]/[fileName]/route.ts

  #2 [App Route]:
    ./src/lib/audio/sfx/SfxLibrary.ts
    ./src/lib/audio/music/AudioMusicSelection.ts
    ./src/lib/pipeline/PipelineStageExecutor.ts
    ./src/lib/pipeline/PipelineRunner.ts
    ./app/api/projects/[slug]/pipeline/resume/route.ts

  #3 [Instrumentation]:
    ./src/lib/audio/sfx/SfxLibrary.ts
    ./src/lib/audio/music/AudioMusicSelection.ts
    ./src/lib/pipeline/PipelineStageExecutor.ts
    ./src/lib/pipeline/PipelineRunner.ts
    ./src/lib/production/ProductionPipelineExecutionConfiguration.ts
    ./src/lib/runtime/ProductionRuntimeCompositionRoot.ts
    ./instrumentation.ts


./src/lib/brain/autonomy/AyasAutonomyDaemon.ts:293:43
Warning: The file pattern (<dynamic> '/' <dynamic> | '/ROOT//' <dynamic> | <dynamic> | '/ROOT/' <dynamic>) matches 15080 files in [project]/
  291 | ...onst base = execFileSync("git", ["show", `${proof.baseHead}:${file}`],
  292 | ... { cwd: repoRoot, encoding: "utf8", windowsHide: true, timeout: 30_000, maxBuffer: 1_0...
> 293 | ...onst applied = fs.readFileSync(path.join(repoRoot, file), "utf8");
      |                                   ^^^^^^^^^^^^^^^^^^^^^^^^^
  294 | ...f (!verifyAyasExecutedExactPatch(proof, manifest, file, base, applied)
  295 | ... || JSON.stringify(actual.changedFiles) !== JSON.stringify(proof.exactFiles)) {
  296 | ... throw new Error("AYAS_EXACT_PATCH_POST_VERIFICATION_FAILED");

Overly broad patterns can lead to build performance issues and over bundling.

Import traces:
  App Route:
    ./src/lib/brain/autonomy/AyasAutonomyDaemon.ts
    ./src/lib/ayas/execution/AyasSafeExecutors.ts
    ./src/lib/ayas/execution/AyasActionRuntime.ts
    ./src/lib/ayas/AyasProductBrain.ts
    ./app/api/ayas/chat/stream/route.ts

  Server Component:
    ./src/lib/brain/autonomy/AyasAutonomyDaemon.ts
    ./src/lib/brain/autonomy/AyasProposalExecutionService.ts
    ./app/brain/actions.ts
    ./src/components/brain/AyasConsolePage.tsx
    ./app/brain/page.tsx


./src/lib/brain/autonomy/AyasExactProposalSafety.ts:82:69
Warning: The file pattern (<dynamic> '/' <dynamic> | '/ROOT//' <dynamic> | <dynamic> | '/ROOT/' <dynamic>) matches 15080 files in [project]/
  80 | ...tch(strategy.reviewedExactPatch, file, before, replacement.content)
  81 | ...cement.content) !== proof.afterSha256) return false;
> 82 | ...rce !== false && fs.readFileSync(path.join(root, file), "utf8") !== before) return false;
     |                                     ^^^^^^^^^^^^^^^^^^^^^
  83 | ...uffer.from(proof.digest, "hex"), Buffer.from(artifactProof.digest, "hex"));
  84 | ...
  85 | ...

Overly broad patterns can lead to build performance issues and over bundling.

Import traces:
  App Route:
    ./src/lib/brain/autonomy/AyasExactProposalSafety.ts
    ./src/lib/ayas/execution/AyasSafeExecutors.ts
    ./src/lib/ayas/execution/AyasActionRuntime.ts
    ./src/lib/ayas/AyasProductBrain.ts
    ./app/api/ayas/chat/stream/route.ts

  Server Component:
    ./src/lib/brain/autonomy/AyasExactProposalSafety.ts
    ./src/lib/brain/autonomy/AyasAutonomousExecutionGate.ts
    ./app/brain/actions.ts
    ./src/components/brain/AyasConsolePage.tsx
    ./app/brain/page.tsx


./src/lib/production/ProductionExecutionPersistence.ts:177:64
Warning: The file pattern (<dynamic> '/idempotency/' <dynamic> | <dynamic> 'idempotency/' <dynamic> | <dynamic> '/' <dynamic> '/' <dynamic> | <dynamic> '/' <dynamic> | <dynamic> '/reservations/' <dynamic> | <dynamic> 'reservations/' <dynamic> | <dynamic> '/idempotency' <dynamic> | <dynamic> 'idempotency' <dynamic> | <dynamic> '/' <dynamic> | <dynamic> | <dynamic> '/reservations' <dynamic> | <dynamic> 'reservations' <dynamic>) matches 11237 files in [project]/
  175 | ...
  176 | ...tifactIdentity(directoryName, name);
> 177 | ...is.readRecoveryArtifact(kind, path.join(directory, name));
      |                                  ^^^^^^^^^^^^^^^^^^^^^^^^^^
  178 | ... = read.reasonCode === "RECOVERY_PARTIAL_ARTIFACT" ? "RECOVERY_RECORD_MALFORMED" : rea...
  179 | ...yFinding(artifactId, "canonical-record", read.classification, canonicalReason, canonic...
  180 | ...

Overly broad patterns can lead to build performance issues and over bundling.

Import traces:
  #1 [App Route]:
    ./src/lib/production/ProductionExecutionPersistence.ts
    ./src/lib/pipeline/PipelineRunner.ts
    ./app/api/pipeline/route.ts

  #2 [Instrumentation]:
    ./src/lib/production/ProductionExecutionPersistence.ts
    ./src/lib/runtime/ProductionRuntimeCompositionRoot.ts
    ./instrumentation.ts

  #3 [App Route]:
    ./src/lib/production/ProductionExecutionPersistence.ts
    ./src/lib/ayas/execution/AyasGuidedRepair.ts
    ./src/lib/ayas/execution/AyasGuidedRepairSessionStore.ts
    ./app/api/ayas/chat/stream/route.ts

  #4 [Server Component]:
    ./src/lib/production/ProductionExecutionPersistence.ts
    ./src/lib/production/ProductionAcceptanceLegacyDurableRecoverySnapshot.ts
    ./src/lib/production/ProductionAcceptancePolicy.ts
    ./src/lib/pipeline/PipelineRecoveryPlanner.ts
    ./src/lib/ayas/AyasProjectCatalog.ts
    ./src/lib/brain/ui/AyasControlCenterCollector.ts
    ./src/lib/ayas/briefing/AyasExecutiveBriefingService.ts
    ./app/brain/briefing/page.tsx


./src/lib/production/ProductionExecutionPersistence.ts:182:64
Warning: The file pattern (<dynamic> '/idempotency/' <dynamic> | <dynamic> 'idempotency/' <dynamic> | <dynamic> '/' <dynamic> '/' <dynamic> | <dynamic> '/' <dynamic> | <dynamic> '/reservations/' <dynamic> | <dynamic> 'reservations/' <dynamic> | <dynamic> '/idempotency' <dynamic> | <dynamic> 'idempotency' <dynamic> | <dynamic> '/' <dynamic> | <dynamic> | <dynamic> '/reservations' <dynamic> | <dynamic> 'reservations' <dynamic>) matches 11237 files in [project]/
  180 | ...
  181 | ... nameSet.has(tempMatch[1]);
> 182 | ...is.readRecoveryArtifact(kind, path.join(directory, name));
      |                                  ^^^^^^^^^^^^^^^^^^^^^^^^^^
  183 | ...asonCode === "RECOVERY_RECORD_VALID";
  184 | ...yFinding(artifactIdentity(directoryName, name), valid ? "orphan-temp" : "partial-artif...
  185 | ...h(".tmp") || name.includes(".json.")) {

Overly broad patterns can lead to build performance issues and over bundling.

Import traces:
  #1 [App Route]:
    ./src/lib/production/ProductionExecutionPersistence.ts
    ./src/lib/pipeline/PipelineRunner.ts
    ./app/api/pipeline/route.ts

  #2 [Instrumentation]:
    ./src/lib/production/ProductionExecutionPersistence.ts
    ./src/lib/runtime/ProductionRuntimeCompositionRoot.ts
    ./instrumentation.ts

  #3 [App Route]:
    ./src/lib/production/ProductionExecutionPersistence.ts
    ./src/lib/ayas/execution/AyasGuidedRepair.ts
    ./src/lib/ayas/execution/AyasGuidedRepairSessionStore.ts
    ./app/api/ayas/chat/stream/route.ts

  #4 [Server Component]:
    ./src/lib/production/ProductionExecutionPersistence.ts
    ./src/lib/production/ProductionAcceptanceLegacyDurableRecoverySnapshot.ts
    ./src/lib/production/ProductionAcceptancePolicy.ts
    ./src/lib/pipeline/PipelineRecoveryPlanner.ts
    ./src/lib/ayas/AyasProjectCatalog.ts
    ./src/lib/brain/ui/AyasControlCenterCollector.ts
    ./src/lib/ayas/briefing/AyasExecutiveBriefingService.ts
    ./app/brain/briefing/page.tsx


./src/lib/production/ProductionExecutionPersistence.ts:272:26
Warning: The file pattern (<dynamic> '/idempotency/' <dynamic> | <dynamic> 'idempotency/' <dynamic> | <dynamic> '/' <dynamic> '/' <dynamic> | <dynamic> '/' <dynamic> | <dynamic> '/reservations/' <dynamic> | <dynamic> 'reservations/' <dynamic> | <dynamic> '/idempotency' <dynamic> | <dynamic> 'idempotency' <dynamic> | <dynamic> '/' <dynamic> | <dynamic> | <dynamic> '/reservations' <dynamic> | <dynamic> 'reservations' <dynamic>) matches 11237 files in [project]/
  270 | ...    catch (error) { if (errorCode(error) === "ENOENT") continue; return { records, req...
  271 | ...    for (const name of names) {
> 272 | ...      const filePath = path.join(this.root, directoryName, name);
      |                           ^^^^^^^^^^^^^^^^^^^^^^^^^^^^^^^^^^^^^^^^^
  273 | ...      const read = await this.readRecoveryArtifact(kind, filePath);
  274 | ...      if (read.reasonCode !== "RECOVERY_RECORD_VALID" || !isRecord(read.value)) continue;
  275 | ...      const canonicalKey = name.slice(0, -5);

Overly broad patterns can lead to build performance issues and over bundling.

Import traces:
  #1 [App Route]:
    ./src/lib/production/ProductionExecutionPersistence.ts
    ./src/lib/pipeline/PipelineRunner.ts
    ./app/api/pipeline/route.ts

  #2 [Instrumentation]:
    ./src/lib/production/ProductionExecutionPersistence.ts
    ./src/lib/runtime/ProductionRuntimeCompositionRoot.ts
    ./instrumentation.ts

  #3 [App Route]:
    ./src/lib/production/ProductionExecutionPersistence.ts
    ./src/lib/ayas/execution/AyasGuidedRepair.ts
    ./src/lib/ayas/execution/AyasGuidedRepairSessionStore.ts
    ./app/api/ayas/chat/stream/route.ts

  #4 [Server Component]:
    ./src/lib/production/ProductionExecutionPersistence.ts
    ./src/lib/production/ProductionAcceptanceLegacyDurableRecoverySnapshot.ts
    ./src/lib/production/ProductionAcceptancePolicy.ts
    ./src/lib/pipeline/PipelineRecoveryPlanner.ts
    ./src/lib/ayas/AyasProjectCatalog.ts
    ./src/lib/brain/ui/AyasControlCenterCollector.ts
    ./src/lib/ayas/briefing/AyasExecutiveBriefingService.ts
    ./app/brain/briefing/page.tsx


./src/lib/production/ProductionExecutionPersistence.ts:329:165
Warning: The file pattern (<dynamic> '/idempotency/' <dynamic> | <dynamic> 'idempotency/' <dynamic> | <dynamic> '/' <dynamic> '/' <dynamic> | <dynamic> '/' <dynamic> | <dynamic> '/reservations/' <dynamic> | <dynamic> 'reservations/' <dynamic> | <dynamic> '/idempotency' <dynamic> | <dynamic> 'idempotency' <dynamic> | <dynamic> '/' <dynamic> | <dynamic> | <dynamic> '/reservations' <dynamic> | <dynamic> 'reservations' <dynamic>) matches 11237 files in [project]/
  327 | ...
  328 | ...
> 329 | ...turn { kind, filePath: path.join(this.root, directoryName, name) };
      |                           ^^^^^^^^^^^^^^^^^^^^^^^^^^^^^^^^^^^^^^^^^
  330 | ...
  331 | ...
  332 | ...

Overly broad patterns can lead to build performance issues and over bundling.

Import traces:
  #1 [App Route]:
    ./src/lib/production/ProductionExecutionPersistence.ts
    ./src/lib/pipeline/PipelineRunner.ts
    ./app/api/pipeline/route.ts

  #2 [Instrumentation]:
    ./src/lib/production/ProductionExecutionPersistence.ts
    ./src/lib/runtime/ProductionRuntimeCompositionRoot.ts
    ./instrumentation.ts

  #3 [App Route]:
    ./src/lib/production/ProductionExecutionPersistence.ts
    ./src/lib/ayas/execution/AyasGuidedRepair.ts
    ./src/lib/ayas/execution/AyasGuidedRepairSessionStore.ts
    ./app/api/ayas/chat/stream/route.ts

  #4 [Server Component]:
    ./src/lib/production/ProductionExecutionPersistence.ts
    ./src/lib/production/ProductionAcceptanceLegacyDurableRecoverySnapshot.ts
    ./src/lib/production/ProductionAcceptancePolicy.ts
    ./src/lib/pipeline/PipelineRecoveryPlanner.ts
    ./src/lib/ayas/AyasProjectCatalog.ts
    ./src/lib/brain/ui/AyasControlCenterCollector.ts
    ./src/lib/ayas/briefing/AyasExecutiveBriefingService.ts
    ./app/brain/briefing/page.tsx


./src/lib/ayas/execution/AyasGuidedRepairProduction.ts:21:23
Warning: The file pattern (<dynamic> '/node_modules/typescript/bin/tsc' | <dynamic> 'node_modules/typescript/bin/tsc' | <dynamic> '/node_modules/eslint/bin/eslint.js' | <dynamic> 'node_modules/eslint/bin/eslint.js' | <dynamic> '/node_modules/@sentropic/graphify/dist/cli.js' | <dynamic> 'node_modules/@sentropic/graphify/dist/cli.js' | <dynamic> '/' <dynamic> | <dynamic> | <dynamic> '/') matches 13544 files in [project]/
  19 | async function fixedLocal(bin: string, args: readonly string[], cwd: string, timeout: numb...
  20 |   const localEntries: Readonly<Record<string, string>> = { tsc: "node_modules/typescript/b...
> 21 |   const candidates = [path.join(cwd, localEntries[bin] ?? "")];
     |                       ^^^^^^^^^^^^^^^^^^^^^^^^^^^^^^^^^^^^^^^
  22 |   if (bin === "graphify" && process.env.APPDATA) candidates.push(path.join(process.env.APP...
  23 |   const entry = candidates.find((candidate) => fs.existsSync(candidate) && fs.statSync(can...
  24 |   if (!entry) throw new Error(`registered validator unavailable: ${bin}`);

Overly broad patterns can lead to build performance issues and over bundling.

Import traces:
  #1 [App Route]:
    ./src/lib/ayas/execution/AyasGuidedRepairProduction.ts
    ./app/api/ayas/chat/stream/route.ts

  #2 [App Route]:
    ./src/lib/ayas/execution/AyasGuidedRepairProduction.ts
    ./src/lib/ayas/execution/AyasGuidedRepair.ts
    ./src/lib/ayas/execution/AyasGuidedRepairSessionStore.ts
    ./app/api/ayas/chat/stream/route.ts


./src/lib/audio/AudioCompensationStore.ts:706:22
Warning: Dynamic filesystem access causes tracing of the whole project
  704 | ): AudioCanonicalDescriptorRebind | undefined {
  705 |   const directory = audioCanonicalRebindDirectory(context, projectSlug, false);
> 706 |   if (!directory || !fs.existsSync(directory)) return undefined;
      |                      ^^^^^^^^^^^^^^^^^^^^^^^^
  707 |   const prefix = `${compensationRef}.`;
  708 |   const entries = fs.readdirSync(directory).sort()
  709 |     .filter((entry) => entry.startsWith(prefix) && entry.endsWith(".json"));

Static analysis determined that this filesystem access causes the whole project to be traced and included in the output.
This is usually unintentional and leads to all source files (including the public folder) to be deployed as part of the server code.
This can slow down deployments or lead to failures when size limits are exceeded.
To resolve this, you can
- make sure the path is statically scoped to some subfolder, for example path.join(process.cwd(), 'data', bar), or
- only use them in development, or
- opt out by adding an ignore comment to the highlighted call: fs.existsSync(/*turbopackIgnore: true*/ ...), or
- remove them.

Import traces:
  App Route:
    ./src/lib/audio/AudioCompensationStore.ts
    ./src/lib/assets/storage/AudioStorage.ts
    ./app/api/assets/audio/[slug]/[fileName]/route.ts

  Server Component:
    ./src/lib/audio/AudioCompensationStore.ts
    ./src/lib/audio/AudioAssetError.ts
    ./src/lib/pipeline/PipelineErrorEvidence.ts
    ./src/lib/projects/ProjectManager.ts
    ./app/project/[slug]/page.tsx

  Instrumentation:
    ./src/lib/audio/AudioCompensationStore.ts
    ./src/lib/runtime/RuntimeTransientArtifactPolicy.ts
    ./src/lib/runtime/security/RuntimeAuthorityTransition.ts
    ./src/lib/runtime/security/ProductionRuntimeAuthorityGenerationEnforcement.ts
    ./src/lib/runtime/ProductionRuntimeCompositionRoot.ts
    ./instrumentation.ts


./src/lib/audio/AudioCompensationStore.ts:1237:10
Warning: Dynamic filesystem access causes tracing of the whole project
  1235 |       return;
  1236 |     }
> 1237 |     if (!fs.existsSync(path.join(cleanup, compensationRef))) return;
       |          ^^^^^^^^^^^^^^^^^^^^^^^^^^^^^^^^^^^^^^^^^^^^^^^^^^
  1238 |   }
  1239 |   const current = readProtectedAudioCompensationReceipt(
  1240 |     projectSlug,

Static analysis determined that this filesystem access causes the whole project to be traced and included in the output.
This is usually unintentional and leads to all source files (including the public folder) to be deployed as part of the server code.
This can slow down deployments or lead to failures when size limits are exceeded.
To resolve this, you can
- make sure the path is statically scoped to some subfolder, for example path.join(process.cwd(), 'data', bar), or
- only use them in development, or
- opt out by adding an ignore comment to the highlighted call: fs.existsSync(/*turbopackIgnore: true*/ ...), or
- remove them.

Import traces:
  App Route:
    ./src/lib/audio/AudioCompensationStore.ts
    ./src/lib/assets/storage/AudioStorage.ts
    ./app/api/assets/audio/[slug]/[fileName]/route.ts

  Server Component:
    ./src/lib/audio/AudioCompensationStore.ts
    ./src/lib/audio/AudioAssetError.ts
    ./src/lib/pipeline/PipelineErrorEvidence.ts
    ./src/lib/projects/ProjectManager.ts
    ./app/project/[slug]/page.tsx

  Instrumentation:
    ./src/lib/audio/AudioCompensationStore.ts
    ./src/lib/runtime/RuntimeTransientArtifactPolicy.ts
    ./src/lib/runtime/security/RuntimeAuthorityTransition.ts
    ./src/lib/runtime/security/ProductionRuntimeAuthorityGenerationEnforcement.ts
    ./src/lib/runtime/ProductionRuntimeCompositionRoot.ts
    ./instrumentation.ts


./src/lib/audio/AudioCompensationStore.ts:1288:10
Warning: Dynamic filesystem access causes tracing of the whole project
  1286 |       return;
  1287 |     }
> 1288 |     if (!fs.existsSync(path.join(cleanup, compensationRef))) return;
       |          ^^^^^^^^^^^^^^^^^^^^^^^^^^^^^^^^^^^^^^^^^^^^^^^^^^
  1289 |   }
  1290 |   const current = readProtectedAudioCompensationReceipt(
  1291 |     projectSlug,

Static analysis determined that this filesystem access causes the whole project to be traced and included in the output.
This is usually unintentional and leads to all source files (including the public folder) to be deployed as part of the server code.
This can slow down deployments or lead to failures when size limits are exceeded.
To resolve this, you can
- make sure the path is statically scoped to some subfolder, for example path.join(process.cwd(), 'data', bar), or
- only use them in development, or
- opt out by adding an ignore comment to the highlighted call: fs.existsSync(/*turbopackIgnore: true*/ ...), or
- remove them.

Import traces:
  App Route:
    ./src/lib/audio/AudioCompensationStore.ts
    ./src/lib/assets/storage/AudioStorage.ts
    ./app/api/assets/audio/[slug]/[fileName]/route.ts

  Server Component:
    ./src/lib/audio/AudioCompensationStore.ts
    ./src/lib/audio/AudioAssetError.ts
    ./src/lib/pipeline/PipelineErrorEvidence.ts
    ./src/lib/projects/ProjectManager.ts
    ./app/project/[slug]/page.tsx

  Instrumentation:
    ./src/lib/audio/AudioCompensationStore.ts
    ./src/lib/runtime/RuntimeTransientArtifactPolicy.ts
    ./src/lib/runtime/security/RuntimeAuthorityTransition.ts
    ./src/lib/runtime/security/ProductionRuntimeAuthorityGenerationEnforcement.ts
    ./src/lib/runtime/ProductionRuntimeCompositionRoot.ts
    ./instrumentation.ts


./src/lib/audio/AudioCompensationStore.ts:1676:5
Warning: Dynamic filesystem access causes tracing of the whole project
  1674 |   if (
  1675 |     receiptRootPresent &&
> 1676 |     fs.existsSync(path.join(receiptRootPresent, input.compensationRef))
       |     ^^^^^^^^^^^^^^^^^^^^^^^^^^^^^^^^^^^^^^^^^^^^^^^^^^^^^^^^^^^^^^^^^^^
  1677 |   ) {
  1678 |     throw new AudioCompensationStoreError();
  1679 |   }

Static analysis determined that this filesystem access causes the whole project to be traced and included in the output.
This is usually unintentional and leads to all source files (including the public folder) to be deployed as part of the server code.
This can slow down deployments or lead to failures when size limits are exceeded.
To resolve this, you can
- make sure the path is statically scoped to some subfolder, for example path.join(process.cwd(), 'data', bar), or
- only use them in development, or
- opt out by adding an ignore comment to the highlighted call: fs.existsSync(/*turbopackIgnore: true*/ ...), or
- remove them.

Import traces:
  App Route:
    ./src/lib/audio/AudioCompensationStore.ts
    ./src/lib/assets/storage/AudioStorage.ts
    ./app/api/assets/audio/[slug]/[fileName]/route.ts

  Server Component:
    ./src/lib/audio/AudioCompensationStore.ts
    ./src/lib/audio/AudioAssetError.ts
    ./src/lib/pipeline/PipelineErrorEvidence.ts
    ./src/lib/projects/ProjectManager.ts
    ./app/project/[slug]/page.tsx

  Instrumentation:
    ./src/lib/audio/AudioCompensationStore.ts
    ./src/lib/runtime/RuntimeTransientArtifactPolicy.ts
    ./src/lib/runtime/security/RuntimeAuthorityTransition.ts
    ./src/lib/runtime/security/ProductionRuntimeAuthorityGenerationEnforcement.ts
    ./src/lib/runtime/ProductionRuntimeCompositionRoot.ts
    ./instrumentation.ts


./src/lib/audio/AudioCompensationStore.ts:1680:8
Warning: Dynamic filesystem access causes tracing of the whole project
  1678 |     throw new AudioCompensationStoreError();
  1679 |   }
> 1680 |   if (!fs.existsSync(path.join(cleanup, input.compensationRef))) {
       |        ^^^^^^^^^^^^^^^^^^^^^^^^^^^^^^^^^^^^^^^^^^^^^^^^^^^^^^^^
  1681 |     throw new AudioCompensationStoreError();
  1682 |   }
  1683 |

Static analysis determined that this filesystem access causes the whole project to be traced and included in the output.
This is usually unintentional and leads to all source files (including the public folder) to be deployed as part of the server code.
This can slow down deployments or lead to failures when size limits are exceeded.
To resolve this, you can
- make sure the path is statically scoped to some subfolder, for example path.join(process.cwd(), 'data', bar), or
- only use them in development, or
- opt out by adding an ignore comment to the highlighted call: fs.existsSync(/*turbopackIgnore: true*/ ...), or
- remove them.

Import traces:
  App Route:
    ./src/lib/audio/AudioCompensationStore.ts
    ./src/lib/assets/storage/AudioStorage.ts
    ./app/api/assets/audio/[slug]/[fileName]/route.ts

  Server Component:
    ./src/lib/audio/AudioCompensationStore.ts
    ./src/lib/audio/AudioAssetError.ts
    ./src/lib/pipeline/PipelineErrorEvidence.ts
    ./src/lib/projects/ProjectManager.ts
    ./app/project/[slug]/page.tsx

  Instrumentation:
    ./src/lib/audio/AudioCompensationStore.ts
    ./src/lib/runtime/RuntimeTransientArtifactPolicy.ts
    ./src/lib/runtime/security/RuntimeAuthorityTransition.ts
    ./src/lib/runtime/security/ProductionRuntimeAuthorityGenerationEnforcement.ts
    ./src/lib/runtime/ProductionRuntimeCompositionRoot.ts
    ./instrumentation.ts


./src/lib/audio/AudioCompensationStore.ts:3583:19
Warning: Dynamic filesystem access causes tracing of the whole project
  3581 |     descriptor = fs.openSync(filePath, "r");
  3582 |     const before = fs.fstatSync(descriptor);
> 3583 |     const bytes = fs.readFileSync(descriptor);
       |                   ^^^^^^^^^^^^^^^^^^^^^^^^^^^
  3584 |     const after = fs.fstatSync(descriptor);
  3585 |     fs.closeSync(descriptor);
  3586 |     descriptor = undefined;

Static analysis determined that this filesystem access causes the whole project to be traced and included in the output.
This is usually unintentional and leads to all source files (including the public folder) to be deployed as part of the server code.
This can slow down deployments or lead to failures when size limits are exceeded.
To resolve this, you can
- make sure the path is statically scoped to some subfolder, for example path.join(process.cwd(), 'data', bar), or
- only use them in development, or
- opt out by adding an ignore comment to the highlighted call: fs.readFileSync(/*turbopackIgnore: true*/ ...), or
- remove them.

Import traces:
  App Route:
    ./src/lib/audio/AudioCompensationStore.ts
    ./src/lib/assets/storage/AudioStorage.ts
    ./app/api/assets/audio/[slug]/[fileName]/route.ts

  Server Component:
    ./src/lib/audio/AudioCompensationStore.ts
    ./src/lib/audio/AudioAssetError.ts
    ./src/lib/pipeline/PipelineErrorEvidence.ts
    ./src/lib/projects/ProjectManager.ts
    ./app/project/[slug]/page.tsx

  Instrumentation:
    ./src/lib/audio/AudioCompensationStore.ts
    ./src/lib/runtime/RuntimeTransientArtifactPolicy.ts
    ./src/lib/runtime/security/RuntimeAuthorityTransition.ts
    ./src/lib/runtime/security/ProductionRuntimeAuthorityGenerationEnforcement.ts
    ./src/lib/runtime/ProductionRuntimeCompositionRoot.ts
    ./instrumentation.ts


./src/lib/audio/AudioCompensationStore.ts:708:19
Warning: Dynamic filesystem access causes tracing of the whole project
  706 |   if (!directory || !fs.existsSync(directory)) return undefined;
  707 |   const prefix = `${compensationRef}.`;
> 708 |   const entries = fs.readdirSync(directory).sort()
      |                   ^^^^^^^^^^^^^^^^^^^^^^^^^
  709 |     .filter((entry) => entry.startsWith(prefix) && entry.endsWith(".json"));
  710 |   if (entries.length === 0) return undefined;
  711 |   if (entries.length > MAX_REBIND_RECORDS_PER_REF) {

Static analysis determined that this filesystem access causes the whole project to be traced and included in the output.
This is usually unintentional and leads to all source files (including the public folder) to be deployed as part of the server code.
This can slow down deployments or lead to failures when size limits are exceeded.
To resolve this, you can
- make sure the path is statically scoped to some subfolder, for example path.join(process.cwd(), 'data', bar), or
- only use them in development, or
- opt out by adding an ignore comment to the highlighted call: fs.readdir(/*turbopackIgnore: true*/ ...), or
- remove them.

Import traces:
  App Route:
    ./src/lib/audio/AudioCompensationStore.ts
    ./src/lib/assets/storage/AudioStorage.ts
    ./app/api/assets/audio/[slug]/[fileName]/route.ts

  Server Component:
    ./src/lib/audio/AudioCompensationStore.ts
    ./src/lib/audio/AudioAssetError.ts
    ./src/lib/pipeline/PipelineErrorEvidence.ts
    ./src/lib/projects/ProjectManager.ts
    ./app/project/[slug]/page.tsx

  Instrumentation:
    ./src/lib/audio/AudioCompensationStore.ts
    ./src/lib/runtime/RuntimeTransientArtifactPolicy.ts
    ./src/lib/runtime/security/RuntimeAuthorityTransition.ts
    ./src/lib/runtime/security/ProductionRuntimeAuthorityGenerationEnforcement.ts
    ./src/lib/runtime/ProductionRuntimeCompositionRoot.ts
    ./instrumentation.ts


./src/lib/audio/AudioCompensationStore.ts:1126:19
Warning: Dynamic filesystem access causes tracing of the whole project
  1124 |     compensationRef,
  1125 |   );
> 1126 |   const entries = fs.readdirSync(recordDirectory).sort();
       |                   ^^^^^^^^^^^^^^^^^^^^^^^^^^^^^^^
  1127 |   if (
  1128 |     !entries.includes(RECEIPT_FILE) ||
  1129 |     entries.some((entry) =>

Static analysis determined that this filesystem access causes the whole project to be traced and included in the output.
This is usually unintentional and leads to all source files (including the public folder) to be deployed as part of the server code.
This can slow down deployments or lead to failures when size limits are exceeded.
To resolve this, you can
- make sure the path is statically scoped to some subfolder, for example path.join(process.cwd(), 'data', bar), or
- only use them in development, or
- opt out by adding an ignore comment to the highlighted call: fs.readdir(/*turbopackIgnore: true*/ ...), or
- remove them.

Import traces:
  App Route:
    ./src/lib/audio/AudioCompensationStore.ts
    ./src/lib/assets/storage/AudioStorage.ts
    ./app/api/assets/audio/[slug]/[fileName]/route.ts

  Server Component:
    ./src/lib/audio/AudioCompensationStore.ts
    ./src/lib/audio/AudioAssetError.ts
    ./src/lib/pipeline/PipelineErrorEvidence.ts
    ./src/lib/projects/ProjectManager.ts
    ./app/project/[slug]/page.tsx

  Instrumentation:
    ./src/lib/audio/AudioCompensationStore.ts
    ./src/lib/runtime/RuntimeTransientArtifactPolicy.ts
    ./src/lib/runtime/security/RuntimeAuthorityTransition.ts
    ./src/lib/runtime/security/ProductionRuntimeAuthorityGenerationEnforcement.ts
    ./src/lib/runtime/ProductionRuntimeCompositionRoot.ts
    ./instrumentation.ts


./src/lib/audio/AudioCompensationStore.ts:1524:25
Warning: Dynamic filesystem access causes tracing of the whole project
  1522 |   ]) {
  1523 |     if (!root) continue;
> 1524 |     for (const entry of fs.readdirSync(root).sort()) {
       |                         ^^^^^^^^^^^^^^^^^^^^
  1525 |       if (
  1526 |         entry === JOURNAL_STAGING_DIRECTORY ||
  1527 |         entry === REBIND_DIRECTORY ||

Static analysis determined that this filesystem access causes the whole project to be traced and included in the output.
This is usually unintentional and leads to all source files (including the public folder) to be deployed as part of the server code.
This can slow down deployments or lead to failures when size limits are exceeded.
To resolve this, you can
- make sure the path is statically scoped to some subfolder, for example path.join(process.cwd(), 'data', bar), or
- only use them in development, or
- opt out by adding an ignore comment to the highlighted call: fs.readdir(/*turbopackIgnore: true*/ ...), or
- remove them.

Import traces:
  App Route:
    ./src/lib/audio/AudioCompensationStore.ts
    ./src/lib/assets/storage/AudioStorage.ts
    ./app/api/assets/audio/[slug]/[fileName]/route.ts

  Server Component:
    ./src/lib/audio/AudioCompensationStore.ts
    ./src/lib/audio/AudioAssetError.ts
    ./src/lib/pipeline/PipelineErrorEvidence.ts
    ./src/lib/projects/ProjectManager.ts
    ./app/project/[slug]/page.tsx

  Instrumentation:
    ./src/lib/audio/AudioCompensationStore.ts
    ./src/lib/runtime/RuntimeTransientArtifactPolicy.ts
    ./src/lib/runtime/security/RuntimeAuthorityTransition.ts
    ./src/lib/runtime/security/ProductionRuntimeAuthorityGenerationEnforcement.ts
    ./src/lib/runtime/ProductionRuntimeCompositionRoot.ts
    ./instrumentation.ts


./src/lib/audio/AudioCompensationStore.ts:1607:23
Warning: Dynamic filesystem access causes tracing of the whole project
  1605 |   if (!cleanup) return [];
  1606 |   const summaries: DetachedPendingAudioCompensationRecordSummary[] = [];
> 1607 |   for (const entry of fs.readdirSync(cleanup).sort()) {
       |                       ^^^^^^^^^^^^^^^^^^^^^^^
  1608 |     if (
  1609 |       entry === JOURNAL_STAGING_DIRECTORY ||
  1610 |       entry === REBIND_DIRECTORY ||

Static analysis determined that this filesystem access causes the whole project to be traced and included in the output.
This is usually unintentional and leads to all source files (including the public folder) to be deployed as part of the server code.
This can slow down deployments or lead to failures when size limits are exceeded.
To resolve this, you can
- make sure the path is statically scoped to some subfolder, for example path.join(process.cwd(), 'data', bar), or
- only use them in development, or
- opt out by adding an ignore comment to the highlighted call: fs.readdir(/*turbopackIgnore: true*/ ...), or
- remove them.

Import traces:
  App Route:
    ./src/lib/audio/AudioCompensationStore.ts
    ./src/lib/assets/storage/AudioStorage.ts
    ./app/api/assets/audio/[slug]/[fileName]/route.ts

  Server Component:
    ./src/lib/audio/AudioCompensationStore.ts
    ./src/lib/audio/AudioAssetError.ts
    ./src/lib/pipeline/PipelineErrorEvidence.ts
    ./src/lib/projects/ProjectManager.ts
    ./app/project/[slug]/page.tsx

  Instrumentation:
    ./src/lib/audio/AudioCompensationStore.ts
    ./src/lib/runtime/RuntimeTransientArtifactPolicy.ts
    ./src/lib/runtime/security/RuntimeAuthorityTransition.ts
    ./src/lib/runtime/security/ProductionRuntimeAuthorityGenerationEnforcement.ts
    ./src/lib/runtime/ProductionRuntimeCompositionRoot.ts
    ./instrumentation.ts


./src/lib/audio/AudioCompensationStore.ts:1909:19
Warning: Dynamic filesystem access causes tracing of the whole project
  1907 |     };
  1908 |   }
> 1909 |   const entries = fs.readdirSync(cleanup)
       |                   ^^^^^^^^^^^^^^^^^^^^^^^
  1910 |     .filter((entry) => isSafeAudioCompensationRef(entry))
  1911 |     .sort();
  1912 |   const completed: Array<{

Static analysis determined that this filesystem access causes the whole project to be traced and included in the output.
This is usually unintentional and leads to all source files (including the public folder) to be deployed as part of the server code.
This can slow down deployments or lead to failures when size limits are exceeded.
To resolve this, you can
- make sure the path is statically scoped to some subfolder, for example path.join(process.cwd(), 'data', bar), or
- only use them in development, or
- opt out by adding an ignore comment to the highlighted call: fs.readdir(/*turbopackIgnore: true*/ ...), or
- remove them.

Import traces:
  App Route:
    ./src/lib/audio/AudioCompensationStore.ts
    ./src/lib/assets/storage/AudioStorage.ts
    ./app/api/assets/audio/[slug]/[fileName]/route.ts

  Server Component:
    ./src/lib/audio/AudioCompensationStore.ts
    ./src/lib/audio/AudioAssetError.ts
    ./src/lib/pipeline/PipelineErrorEvidence.ts
    ./src/lib/projects/ProjectManager.ts
    ./app/project/[slug]/page.tsx

  Instrumentation:
    ./src/lib/audio/AudioCompensationStore.ts
    ./src/lib/runtime/RuntimeTransientArtifactPolicy.ts
    ./src/lib/runtime/security/RuntimeAuthorityTransition.ts
    ./src/lib/runtime/security/ProductionRuntimeAuthorityGenerationEnforcement.ts
    ./src/lib/runtime/ProductionRuntimeCompositionRoot.ts
    ./instrumentation.ts


./src/lib/audio/AudioCompensationStore.ts:2165:23
Warning: Dynamic filesystem access causes tracing of the whole project
  2163 |   let removed = 0;
  2164 |   let failed = 0;
> 2165 |   for (const entry of fs.readdirSync(cleanup).sort()) {
       |                       ^^^^^^^^^^^^^^^^^^^^^^^
  2166 |     const compensationRef = parseRetirementFileName(entry);
  2167 |     if (!compensationRef) continue;
  2168 |     const planPath = path.join(cleanup, entry);

Static analysis determined that this filesystem access causes the whole project to be traced and included in the output.
This is usually unintentional and leads to all source files (including the public folder) to be deployed as part of the server code.
This can slow down deployments or lead to failures when size limits are exceeded.
To resolve this, you can
- make sure the path is statically scoped to some subfolder, for example path.join(process.cwd(), 'data', bar), or
- only use them in development, or
- opt out by adding an ignore comment to the highlighted call: fs.readdir(/*turbopackIgnore: true*/ ...), or
- remove them.

Import traces:
  App Route:
    ./src/lib/audio/AudioCompensationStore.ts
    ./src/lib/assets/storage/AudioStorage.ts
    ./app/api/assets/audio/[slug]/[fileName]/route.ts

  Server Component:
    ./src/lib/audio/AudioCompensationStore.ts
    ./src/lib/audio/AudioAssetError.ts
    ./src/lib/pipeline/PipelineErrorEvidence.ts
    ./src/lib/projects/ProjectManager.ts
    ./app/project/[slug]/page.tsx

  Instrumentation:
    ./src/lib/audio/AudioCompensationStore.ts
    ./src/lib/runtime/RuntimeTransientArtifactPolicy.ts
    ./src/lib/runtime/security/RuntimeAuthorityTransition.ts
    ./src/lib/runtime/security/ProductionRuntimeAuthorityGenerationEnforcement.ts
    ./src/lib/runtime/ProductionRuntimeCompositionRoot.ts
    ./instrumentation.ts


./src/lib/audio/AudioCompensationStore.ts:2670:24
Warning: Dynamic filesystem access causes tracing of the whole project
  2668 |     receipt.compensationRef,
  2669 |   );
> 2670 |   const stateEntries = fs.readdirSync(recordDirectory)
       |                        ^^^^^^^^^^^^^^^^^^^^^^^^^^^^^^^
  2671 |     .filter((entry) => /^state-[0-9]{6}\.json$/.test(entry));
  2672 |   const sequence = stateEntries.length + 1;
  2673 |   if (!Number.isSafeInteger(sequence) || sequence > MAX_STATE_ENTRIES) {

Static analysis determined that this filesystem access causes the whole project to be traced and included in the output.
This is usually unintentional and leads to all source files (including the public folder) to be deployed as part of the server code.
This can slow down deployments or lead to failures when size limits are exceeded.
To resolve this, you can
- make sure the path is statically scoped to some subfolder, for example path.join(process.cwd(), 'data', bar), or
- only use them in development, or
- opt out by adding an ignore comment to the highlighted call: fs.readdir(/*turbopackIgnore: true*/ ...), or
- remove them.

Import traces:
  App Route:
    ./src/lib/audio/AudioCompensationStore.ts
    ./src/lib/assets/storage/AudioStorage.ts
    ./app/api/assets/audio/[slug]/[fileName]/route.ts

  Server Component:
    ./src/lib/audio/AudioCompensationStore.ts
    ./src/lib/audio/AudioAssetError.ts
    ./src/lib/pipeline/PipelineErrorEvidence.ts
    ./src/lib/projects/ProjectManager.ts
    ./app/project/[slug]/page.tsx

  Instrumentation:
    ./src/lib/audio/AudioCompensationStore.ts
    ./src/lib/runtime/RuntimeTransientArtifactPolicy.ts
    ./src/lib/runtime/security/RuntimeAuthorityTransition.ts
    ./src/lib/runtime/security/ProductionRuntimeAuthorityGenerationEnforcement.ts
    ./src/lib/runtime/ProductionRuntimeCompositionRoot.ts
    ./instrumentation.ts


./src/lib/audio/AudioCompensationStore.ts:682:21
Warning: Dynamic filesystem access causes tracing of the whole project
  680 |   if (!rebindDir) throw new AudioCompensationStoreError();
  681 |   const fileName = `${input.compensationRef}.${sequence}.json`;
> 682 |   const finalPath = path.join(rebindDir, fileName);
      |                     ^^^^^^^^^^^^^^^^^^^^^^^^^^^^^^
  683 |   try {
  684 |     writeDurableJsonNoClobber(rebindDir, fileName, record, MAX_REBIND_BYTES);
  685 |   } catch {

Static analysis determined that this filesystem access causes the whole project to be traced and included in the output.
This is usually unintentional and leads to all source files (including the public folder) to be deployed as part of the server code.
This can slow down deployments or lead to failures when size limits are exceeded.
To resolve this, you can
- make sure the path is statically scoped to some subfolder, for example path.join(process.cwd(), 'data', bar), or
- only use them in development, or
- opt out by adding an ignore comment to the highlighted call: path.join(/*turbopackIgnore: true*/ ...), or
- remove them.

Import traces:
  App Route:
    ./src/lib/audio/AudioCompensationStore.ts
    ./src/lib/assets/storage/AudioStorage.ts
    ./app/api/assets/audio/[slug]/[fileName]/route.ts

  Server Component:
    ./src/lib/audio/AudioCompensationStore.ts
    ./src/lib/audio/AudioAssetError.ts
    ./src/lib/pipeline/PipelineErrorEvidence.ts
    ./src/lib/projects/ProjectManager.ts
    ./app/project/[slug]/page.tsx

  Instrumentation:
    ./src/lib/audio/AudioCompensationStore.ts
    ./src/lib/runtime/RuntimeTransientArtifactPolicy.ts
    ./src/lib/runtime/security/RuntimeAuthorityTransition.ts
    ./src/lib/runtime/security/ProductionRuntimeAuthorityGenerationEnforcement.ts
    ./src/lib/runtime/ProductionRuntimeCompositionRoot.ts
    ./instrumentation.ts


./src/lib/audio/AudioCompensationStore.ts:716:56
Warning: Dynamic filesystem access causes tracing of the whole project
  714 |   const bySequence = new Map<number, AudioCanonicalDescriptorRebind[]>();
  715 |   for (const entry of entries) {
> 716 |     const rec = readAudioCanonicalDescriptorRebindFile(path.join(directory, entry));
      |                                                        ^^^^^^^^^^^^^^^^^^^^^^^^^^^
  717 |     if (
  718 |       rec.compensationRef !== compensationRef ||
  719 |       rec.projectSlug !== projectSlug ||

Static analysis determined that this filesystem access causes the whole project to be traced and included in the output.
This is usually unintentional and leads to all source files (including the public folder) to be deployed as part of the server code.
This can slow down deployments or lead to failures when size limits are exceeded.
To resolve this, you can
- make sure the path is statically scoped to some subfolder, for example path.join(process.cwd(), 'data', bar), or
- only use them in development, or
- opt out by adding an ignore comment to the highlighted call: path.join(/*turbopackIgnore: true*/ ...), or
- remove them.

Import traces:
  App Route:
    ./src/lib/audio/AudioCompensationStore.ts
    ./src/lib/assets/storage/AudioStorage.ts
    ./app/api/assets/audio/[slug]/[fileName]/route.ts

  Server Component:
    ./src/lib/audio/AudioCompensationStore.ts
    ./src/lib/audio/AudioAssetError.ts
    ./src/lib/pipeline/PipelineErrorEvidence.ts
    ./src/lib/projects/ProjectManager.ts
    ./app/project/[slug]/page.tsx

  Instrumentation:
    ./src/lib/audio/AudioCompensationStore.ts
    ./src/lib/runtime/RuntimeTransientArtifactPolicy.ts
    ./src/lib/runtime/security/RuntimeAuthorityTransition.ts
    ./src/lib/runtime/security/ProductionRuntimeAuthorityGenerationEnforcement.ts
    ./src/lib/runtime/ProductionRuntimeCompositionRoot.ts
    ./instrumentation.ts


./src/lib/audio/AudioCompensationStore.ts:1152:20
Warning: Dynamic filesystem access causes tracing of the whole project
  1150 |     .filter((entry) => /^state-[0-9]{6}\.json$/.test(entry))
  1151 |     .map((entry) =>
> 1152 |       readJsonFile(path.join(recordDirectory, entry), MAX_STATE_BYTES)
       |                    ^^^^^^^^^^^^^^^^^^^^^^^^^^^^^^^^^
  1153 |     );
  1154 |   if (
  1155 |     states.length === 0 ||

Static analysis determined that this filesystem access causes the whole project to be traced and included in the output.
This is usually unintentional and leads to all source files (including the public folder) to be deployed as part of the server code.
This can slow down deployments or lead to failures when size limits are exceeded.
To resolve this, you can
- make sure the path is statically scoped to some subfolder, for example path.join(process.cwd(), 'data', bar), or
- only use them in development, or
- opt out by adding an ignore comment to the highlighted call: path.join(/*turbopackIgnore: true*/ ...), or
- remove them.

Import traces:
  App Route:
    ./src/lib/audio/AudioCompensationStore.ts
    ./src/lib/assets/storage/AudioStorage.ts
    ./app/api/assets/audio/[slug]/[fileName]/route.ts

  Server Component:
    ./src/lib/audio/AudioCompensationStore.ts
    ./src/lib/audio/AudioAssetError.ts
    ./src/lib/pipeline/PipelineErrorEvidence.ts
    ./src/lib/projects/ProjectManager.ts
    ./app/project/[slug]/page.tsx

  Instrumentation:
    ./src/lib/audio/AudioCompensationStore.ts
    ./src/lib/runtime/RuntimeTransientArtifactPolicy.ts
    ./src/lib/runtime/security/RuntimeAuthorityTransition.ts
    ./src/lib/runtime/security/ProductionRuntimeAuthorityGenerationEnforcement.ts
    ./src/lib/runtime/ProductionRuntimeCompositionRoot.ts
    ./instrumentation.ts


./src/lib/audio/AudioCompensationStore.ts:1237:24
Warning: Dynamic filesystem access causes tracing of the whole project
  1235 |       return;
  1236 |     }
> 1237 |     if (!fs.existsSync(path.join(cleanup, compensationRef))) return;
       |                        ^^^^^^^^^^^^^^^^^^^^^^^^^^^^^^^^^^^
  1238 |   }
  1239 |   const current = readProtectedAudioCompensationReceipt(
  1240 |     projectSlug,

Static analysis determined that this filesystem access causes the whole project to be traced and included in the output.
This is usually unintentional and leads to all source files (including the public folder) to be deployed as part of the server code.
This can slow down deployments or lead to failures when size limits are exceeded.
To resolve this, you can
- make sure the path is statically scoped to some subfolder, for example path.join(process.cwd(), 'data', bar), or
- only use them in development, or
- opt out by adding an ignore comment to the highlighted call: path.join(/*turbopackIgnore: true*/ ...), or
- remove them.

Import traces:
  App Route:
    ./src/lib/audio/AudioCompensationStore.ts
    ./src/lib/assets/storage/AudioStorage.ts
    ./app/api/assets/audio/[slug]/[fileName]/route.ts

  Server Component:
    ./src/lib/audio/AudioCompensationStore.ts
    ./src/lib/audio/AudioAssetError.ts
    ./src/lib/pipeline/PipelineErrorEvidence.ts
    ./src/lib/projects/ProjectManager.ts
    ./app/project/[slug]/page.tsx

  Instrumentation:
    ./src/lib/audio/AudioCompensationStore.ts
    ./src/lib/runtime/RuntimeTransientArtifactPolicy.ts
    ./src/lib/runtime/security/RuntimeAuthorityTransition.ts
    ./src/lib/runtime/security/ProductionRuntimeAuthorityGenerationEnforcement.ts
    ./src/lib/runtime/ProductionRuntimeCompositionRoot.ts
    ./instrumentation.ts


./src/lib/audio/AudioCompensationStore.ts:1288:24
Warning: Dynamic filesystem access causes tracing of the whole project
  1286 |       return;
  1287 |     }
> 1288 |     if (!fs.existsSync(path.join(cleanup, compensationRef))) return;
       |                        ^^^^^^^^^^^^^^^^^^^^^^^^^^^^^^^^^^^
  1289 |   }
  1290 |   const current = readProtectedAudioCompensationReceipt(
  1291 |     projectSlug,

Static analysis determined that this filesystem access causes the whole project to be traced and included in the output.
This is usually unintentional and leads to all source files (including the public folder) to be deployed as part of the server code.
This can slow down deployments or lead to failures when size limits are exceeded.
To resolve this, you can
- make sure the path is statically scoped to some subfolder, for example path.join(process.cwd(), 'data', bar), or
- only use them in development, or
- opt out by adding an ignore comment to the highlighted call: path.join(/*turbopackIgnore: true*/ ...), or
- remove them.

Import traces:
  App Route:
    ./src/lib/audio/AudioCompensationStore.ts
    ./src/lib/assets/storage/AudioStorage.ts
    ./app/api/assets/audio/[slug]/[fileName]/route.ts

  Server Component:
    ./src/lib/audio/AudioCompensationStore.ts
    ./src/lib/audio/AudioAssetError.ts
    ./src/lib/pipeline/PipelineErrorEvidence.ts
    ./src/lib/projects/ProjectManager.ts
    ./app/project/[slug]/page.tsx

  Instrumentation:
    ./src/lib/audio/AudioCompensationStore.ts
    ./src/lib/runtime/RuntimeTransientArtifactPolicy.ts
    ./src/lib/runtime/security/RuntimeAuthorityTransition.ts
    ./src/lib/runtime/security/ProductionRuntimeAuthorityGenerationEnforcement.ts
    ./src/lib/runtime/ProductionRuntimeCompositionRoot.ts
    ./instrumentation.ts


./src/lib/audio/AudioCompensationStore.ts:1676:19
Warning: Dynamic filesystem access causes tracing of the whole project
  1674 |   if (
  1675 |     receiptRootPresent &&
> 1676 |     fs.existsSync(path.join(receiptRootPresent, input.compensationRef))
       |                   ^^^^^^^^^^^^^^^^^^^^^^^^^^^^^^^^^^^^^^^^^^^^^^^^^^^^
  1677 |   ) {
  1678 |     throw new AudioCompensationStoreError();
  1679 |   }

Static analysis determined that this filesystem access causes the whole project to be traced and included in the output.
This is usually unintentional and leads to all source files (including the public folder) to be deployed as part of the server code.
This can slow down deployments or lead to failures when size limits are exceeded.
To resolve this, you can
- make sure the path is statically scoped to some subfolder, for example path.join(process.cwd(), 'data', bar), or
- only use them in development, or
- opt out by adding an ignore comment to the highlighted call: path.join(/*turbopackIgnore: true*/ ...), or
- remove them.

Import traces:
  App Route:
    ./src/lib/audio/AudioCompensationStore.ts
    ./src/lib/assets/storage/AudioStorage.ts
    ./app/api/assets/audio/[slug]/[fileName]/route.ts

  Server Component:
    ./src/lib/audio/AudioCompensationStore.ts
    ./src/lib/audio/AudioAssetError.ts
    ./src/lib/pipeline/PipelineErrorEvidence.ts
    ./src/lib/projects/ProjectManager.ts
    ./app/project/[slug]/page.tsx

  Instrumentation:
    ./src/lib/audio/AudioCompensationStore.ts
    ./src/lib/runtime/RuntimeTransientArtifactPolicy.ts
    ./src/lib/runtime/security/RuntimeAuthorityTransition.ts
    ./src/lib/runtime/security/ProductionRuntimeAuthorityGenerationEnforcement.ts
    ./src/lib/runtime/ProductionRuntimeCompositionRoot.ts
    ./instrumentation.ts


./src/lib/audio/AudioCompensationStore.ts:1680:22
Warning: Dynamic filesystem access causes tracing of the whole project
  1678 |     throw new AudioCompensationStoreError();
  1679 |   }
> 1680 |   if (!fs.existsSync(path.join(cleanup, input.compensationRef))) {
       |                      ^^^^^^^^^^^^^^^^^^^^^^^^^^^^^^^^^^^^^^^^^
  1681 |     throw new AudioCompensationStoreError();
  1682 |   }
  1683 |

Static analysis determined that this filesystem access causes the whole project to be traced and included in the output.
This is usually unintentional and leads to all source files (including the public folder) to be deployed as part of the server code.
This can slow down deployments or lead to failures when size limits are exceeded.
To resolve this, you can
- make sure the path is statically scoped to some subfolder, for example path.join(process.cwd(), 'data', bar), or
- only use them in development, or
- opt out by adding an ignore comment to the highlighted call: path.join(/*turbopackIgnore: true*/ ...), or
- remove them.

Import traces:
  App Route:
    ./src/lib/audio/AudioCompensationStore.ts
    ./src/lib/assets/storage/AudioStorage.ts
    ./app/api/assets/audio/[slug]/[fileName]/route.ts

  Server Component:
    ./src/lib/audio/AudioCompensationStore.ts
    ./src/lib/audio/AudioAssetError.ts
    ./src/lib/pipeline/PipelineErrorEvidence.ts
    ./src/lib/projects/ProjectManager.ts
    ./app/project/[slug]/page.tsx

  Instrumentation:
    ./src/lib/audio/AudioCompensationStore.ts
    ./src/lib/runtime/RuntimeTransientArtifactPolicy.ts
    ./src/lib/runtime/security/RuntimeAuthorityTransition.ts
    ./src/lib/runtime/security/ProductionRuntimeAuthorityGenerationEnforcement.ts
    ./src/lib/runtime/ProductionRuntimeCompositionRoot.ts
    ./instrumentation.ts


./src/lib/audio/AudioCompensationStore.ts:2168:22
Warning: Dynamic filesystem access causes tracing of the whole project
  2166 |     const compensationRef = parseRetirementFileName(entry);
  2167 |     if (!compensationRef) continue;
> 2168 |     const planPath = path.join(cleanup, entry);
       |                      ^^^^^^^^^^^^^^^^^^^^^^^^^
  2169 |     try {
  2170 |       const plan = readRetirementPlan(planPath, projectSlug, compensationRef);
  2171 |       executeRetirementPlan(cleanup, planPath, plan);

Static analysis determined that this filesystem access causes the whole project to be traced and included in the output.
This is usually unintentional and leads to all source files (including the public folder) to be deployed as part of the server code.
This can slow down deployments or lead to failures when size limits are exceeded.
To resolve this, you can
- make sure the path is statically scoped to some subfolder, for example path.join(process.cwd(), 'data', bar), or
- only use them in development, or
- opt out by adding an ignore comment to the highlighted call: path.join(/*turbopackIgnore: true*/ ...), or
- remove them.

Import traces:
  App Route:
    ./src/lib/audio/AudioCompensationStore.ts
    ./src/lib/assets/storage/AudioStorage.ts
    ./app/api/assets/audio/[slug]/[fileName]/route.ts

  Server Component:
    ./src/lib/audio/AudioCompensationStore.ts
    ./src/lib/audio/AudioAssetError.ts
    ./src/lib/pipeline/PipelineErrorEvidence.ts
    ./src/lib/projects/ProjectManager.ts
    ./app/project/[slug]/page.tsx

  Instrumentation:
    ./src/lib/audio/AudioCompensationStore.ts
    ./src/lib/runtime/RuntimeTransientArtifactPolicy.ts
    ./src/lib/runtime/security/RuntimeAuthorityTransition.ts
    ./src/lib/runtime/security/ProductionRuntimeAuthorityGenerationEnforcement.ts
    ./src/lib/runtime/ProductionRuntimeCompositionRoot.ts
    ./instrumentation.ts


./src/lib/audio/AudioCompensationStore.ts:2748:50
Warning: Dynamic filesystem access causes tracing of the whole project
  2746 |   try {
  2747 |     if (root) {
> 2748 |       return requireContainedRealDirectory(root, path.join(root, compensationRef));
       |                                                  ^^^^^^^^^^^^^^^^^^^^^^^^^^^^^^^^
  2749 |     }
  2750 |   } catch {
  2751 |     // A detached terminal record may be awaiting cleanup or safe recovery.

Static analysis determined that this filesystem access causes the whole project to be traced and included in the output.
This is usually unintentional and leads to all source files (including the public folder) to be deployed as part of the server code.
This can slow down deployments or lead to failures when size limits are exceeded.
To resolve this, you can
- make sure the path is statically scoped to some subfolder, for example path.join(process.cwd(), 'data', bar), or
- only use them in development, or
- opt out by adding an ignore comment to the highlighted call: path.join(/*turbopackIgnore: true*/ ...), or
- remove them.

Import traces:
  App Route:
    ./src/lib/audio/AudioCompensationStore.ts
    ./src/lib/assets/storage/AudioStorage.ts
    ./app/api/assets/audio/[slug]/[fileName]/route.ts

  Server Component:
    ./src/lib/audio/AudioCompensationStore.ts
    ./src/lib/audio/AudioAssetError.ts
    ./src/lib/pipeline/PipelineErrorEvidence.ts
    ./src/lib/projects/ProjectManager.ts
    ./app/project/[slug]/page.tsx

  Instrumentation:
    ./src/lib/audio/AudioCompensationStore.ts
    ./src/lib/runtime/RuntimeTransientArtifactPolicy.ts
    ./src/lib/runtime/security/RuntimeAuthorityTransition.ts
    ./src/lib/runtime/security/ProductionRuntimeAuthorityGenerationEnforcement.ts
    ./src/lib/runtime/ProductionRuntimeCompositionRoot.ts
    ./instrumentation.ts


./src/lib/audio/AudioCompensationStore.ts:3379:5
Warning: Dynamic filesystem access causes tracing of the whole project
  3377 |   const workspace = requireContainedRealDirectory(
  3378 |     cleanup,
> 3379 |     path.join(cleanup, compensationRef),
       |     ^^^^^^^^^^^^^^^^^^^^^^^^^^^^^^^^^^^
  3380 |   );
  3381 |   readWorkspaceMarker(workspace, projectSlug, compensationRef);
  3382 |   return workspace;

Static analysis determined that this filesystem access causes the whole project to be traced and included in the output.
This is usually unintentional and leads to all source files (including the public folder) to be deployed as part of the server code.
This can slow down deployments or lead to failures when size limits are exceeded.
To resolve this, you can
- make sure the path is statically scoped to some subfolder, for example path.join(process.cwd(), 'data', bar), or
- only use them in development, or
- opt out by adding an ignore comment to the highlighted call: path.join(/*turbopackIgnore: true*/ ...), or
- remove them.

Import traces:
  App Route:
    ./src/lib/audio/AudioCompensationStore.ts
    ./src/lib/assets/storage/AudioStorage.ts
    ./app/api/assets/audio/[slug]/[fileName]/route.ts

  Server Component:
    ./src/lib/audio/AudioCompensationStore.ts
    ./src/lib/audio/AudioAssetError.ts
    ./src/lib/pipeline/PipelineErrorEvidence.ts
    ./src/lib/projects/ProjectManager.ts
    ./app/project/[slug]/page.tsx

  Instrumentation:
    ./src/lib/audio/AudioCompensationStore.ts
    ./src/lib/runtime/RuntimeTransientArtifactPolicy.ts
    ./src/lib/runtime/security/RuntimeAuthorityTransition.ts
    ./src/lib/runtime/security/ProductionRuntimeAuthorityGenerationEnforcement.ts
    ./src/lib/runtime/ProductionRuntimeCompositionRoot.ts
    ./instrumentation.ts


./src/lib/audio/AudioCompensationStore.ts:3459:25
Warning: Dynamic filesystem access causes tracing of the whole project
  3457 |         continue;
  3458 |       }
> 3459 |       const workspace = path.join(cleanup, entry.name);
       |                         ^^^^^^^^^^^^^^^^^^^^^^^^^^^^^^
  3460 |       try {
  3461 |         requireContainedRealDirectory(cleanup, workspace);
  3462 |         const marker = readWorkspaceMarker(workspace, projectSlug, entry.name);

Static analysis determined that this filesystem access causes the whole project to be traced and included in the output.
This is usually unintentional and leads to all source files (including the public folder) to be deployed as part of the server code.
This can slow down deployments or lead to failures when size limits are exceeded.
To resolve this, you can
- make sure the path is statically scoped to some subfolder, for example path.join(process.cwd(), 'data', bar), or
- only use them in development, or
- opt out by adding an ignore comment to the highlighted call: path.join(/*turbopackIgnore: true*/ ...), or
- remove them.

Import traces:
  App Route:
    ./src/lib/audio/AudioCompensationStore.ts
    ./src/lib/assets/storage/AudioStorage.ts
    ./app/api/assets/audio/[slug]/[fileName]/route.ts

  Server Component:
    ./src/lib/audio/AudioCompensationStore.ts
    ./src/lib/audio/AudioAssetError.ts
    ./src/lib/pipeline/PipelineErrorEvidence.ts
    ./src/lib/projects/ProjectManager.ts
    ./app/project/[slug]/page.tsx

  Instrumentation:
    ./src/lib/audio/AudioCompensationStore.ts
    ./src/lib/runtime/RuntimeTransientArtifactPolicy.ts
    ./src/lib/runtime/security/RuntimeAuthorityTransition.ts
    ./src/lib/runtime/security/ProductionRuntimeAuthorityGenerationEnforcement.ts
    ./src/lib/runtime/ProductionRuntimeCompositionRoot.ts
    ./instrumentation.ts


./src/lib/audio/music/MusicLibrary.ts:109:15
Warning: Dynamic filesystem access causes tracing of the whole project
  107 |   let entries: string[];
  108 |   try {
> 109 |     entries = fs.readdirSync(dir);
      |               ^^^^^^^^^^^^^^^^^^^
  110 |   } catch {
  111 |     return [];
  112 |   }

Static analysis determined that this filesystem access causes the whole project to be traced and included in the output.
This is usually unintentional and leads to all source files (including the public folder) to be deployed as part of the server code.
This can slow down deployments or lead to failures when size limits are exceeded.
To resolve this, you can
- make sure the path is statically scoped to some subfolder, for example path.join(process.cwd(), 'data', bar), or
- only use them in development, or
- opt out by adding an ignore comment to the highlighted call: fs.readdir(/*turbopackIgnore: true*/ ...), or
- remove them.

Import traces:
  #1 [App Route]:
    ./src/lib/audio/music/MusicLibrary.ts
    ./src/lib/audio/AudioCompensationStore.ts
    ./src/lib/assets/storage/AudioStorage.ts
    ./app/api/assets/audio/[slug]/[fileName]/route.ts

  #2 [App Route]:
    ./src/lib/audio/music/MusicLibrary.ts
    ./src/lib/audio/music/AudioMusicSelection.ts
    ./src/lib/pipeline/PipelineStageExecutor.ts
    ./src/lib/pipeline/PipelineRunner.ts
    ./app/api/projects/[slug]/pipeline/resume/route.ts

  #3 [Instrumentation]:
    ./src/lib/audio/music/MusicLibrary.ts
    ./src/lib/audio/music/AudioMusicSelection.ts
    ./src/lib/pipeline/PipelineStageExecutor.ts
    ./src/lib/pipeline/PipelineRunner.ts
    ./src/lib/production/ProductionPipelineExecutionConfiguration.ts
    ./src/lib/runtime/ProductionRuntimeCompositionRoot.ts
    ./instrumentation.ts


./src/lib/audio/music/MusicLibrary.ts:106:15
Warning: Dynamic filesystem access causes tracing of the whole project
  104 |   env: NodeJS.ProcessEnv = process.env,
  105 | ): MusicTrack[] {
> 106 |   const dir = path.join(musicLibraryRoot(env), mood);
      |               ^^^^^^^^^^^^^^^^^^^^^^^^^^^^^^^^^^^^^^
  107 |   let entries: string[];
  108 |   try {
  109 |     entries = fs.readdirSync(dir);

Static analysis determined that this filesystem access causes the whole project to be traced and included in the output.
This is usually unintentional and leads to all source files (including the public folder) to be deployed as part of the server code.
This can slow down deployments or lead to failures when size limits are exceeded.
To resolve this, you can
- make sure the path is statically scoped to some subfolder, for example path.join(process.cwd(), 'data', bar), or
- only use them in development, or
- opt out by adding an ignore comment to the highlighted call: path.join(/*turbopackIgnore: true*/ ...), or
- remove them.

Import traces:
  #1 [App Route]:
    ./src/lib/audio/music/MusicLibrary.ts
    ./src/lib/audio/AudioCompensationStore.ts
    ./src/lib/assets/storage/AudioStorage.ts
    ./app/api/assets/audio/[slug]/[fileName]/route.ts

  #2 [App Route]:
    ./src/lib/audio/music/MusicLibrary.ts
    ./src/lib/audio/music/AudioMusicSelection.ts
    ./src/lib/pipeline/PipelineStageExecutor.ts
    ./src/lib/pipeline/PipelineRunner.ts
    ./app/api/projects/[slug]/pipeline/resume/route.ts

  #3 [Instrumentation]:
    ./src/lib/audio/music/MusicLibrary.ts
    ./src/lib/audio/music/AudioMusicSelection.ts
    ./src/lib/pipeline/PipelineStageExecutor.ts
    ./src/lib/pipeline/PipelineRunner.ts
    ./src/lib/production/ProductionPipelineExecutionConfiguration.ts
    ./src/lib/runtime/ProductionRuntimeCompositionRoot.ts
    ./instrumentation.ts


./src/lib/audio/music/MusicLibrary.ts:117:28
Warning: Dynamic filesystem access causes tracing of the whole project
  115 |     .sort((a, b) => a.localeCompare(b))
  116 |     .map((fileName) => {
> 117 |       const absolutePath = path.join(dir, fileName);
      |                            ^^^^^^^^^^^^^^^^^^^^^^^^
  118 |       const sidecar = readSidecar(absolutePath);
  119 |       return {
  120 |         mood,

Static analysis determined that this filesystem access causes the whole project to be traced and included in the output.
This is usually unintentional and leads to all source files (including the public folder) to be deployed as part of the server code.
This can slow down deployments or lead to failures when size limits are exceeded.
To resolve this, you can
- make sure the path is statically scoped to some subfolder, for example path.join(process.cwd(), 'data', bar), or
- only use them in development, or
- opt out by adding an ignore comment to the highlighted call: path.join(/*turbopackIgnore: true*/ ...), or
- remove them.

Import traces:
  #1 [App Route]:
    ./src/lib/audio/music/MusicLibrary.ts
    ./src/lib/audio/AudioCompensationStore.ts
    ./src/lib/assets/storage/AudioStorage.ts
    ./app/api/assets/audio/[slug]/[fileName]/route.ts

  #2 [App Route]:
    ./src/lib/audio/music/MusicLibrary.ts
    ./src/lib/audio/music/AudioMusicSelection.ts
    ./src/lib/pipeline/PipelineStageExecutor.ts
    ./src/lib/pipeline/PipelineRunner.ts
    ./app/api/projects/[slug]/pipeline/resume/route.ts

  #3 [Instrumentation]:
    ./src/lib/audio/music/MusicLibrary.ts
    ./src/lib/audio/music/AudioMusicSelection.ts
    ./src/lib/pipeline/PipelineStageExecutor.ts
    ./src/lib/pipeline/PipelineRunner.ts
    ./src/lib/production/ProductionPipelineExecutionConfiguration.ts
    ./src/lib/runtime/ProductionRuntimeCompositionRoot.ts
    ./instrumentation.ts


./src/lib/audio/sfx/SfxLibrary.ts:123:15
Warning: Dynamic filesystem access causes tracing of the whole project
  121 |   let entries: string[];
  122 |   try {
> 123 |     entries = fs.readdirSync(dir);
      |               ^^^^^^^^^^^^^^^^^^^
  124 |   } catch {
  125 |     return [];
  126 |   }

Static analysis determined that this filesystem access causes the whole project to be traced and included in the output.
This is usually unintentional and leads to all source files (including the public folder) to be deployed as part of the server code.
This can slow down deployments or lead to failures when size limits are exceeded.
To resolve this, you can
- make sure the path is statically scoped to some subfolder, for example path.join(process.cwd(), 'data', bar), or
- only use them in development, or
- opt out by adding an ignore comment to the highlighted call: fs.readdir(/*turbopackIgnore: true*/ ...), or
- remove them.

Import traces:
  #1 [App Route]:
    ./src/lib/audio/sfx/SfxLibrary.ts
    ./src/lib/audio/AudioCompensationStore.ts
    ./src/lib/assets/storage/AudioStorage.ts
    ./app/api/assets/audio/[slug]/[fileName]/route.ts

  #2 [App Route]:
    ./src/lib/audio/sfx/SfxLibrary.ts
    ./src/lib/audio/music/AudioMusicSelection.ts
    ./src/lib/pipeline/PipelineStageExecutor.ts
    ./src/lib/pipeline/PipelineRunner.ts
    ./app/api/projects/[slug]/pipeline/resume/route.ts

  #3 [Instrumentation]:
    ./src/lib/audio/sfx/SfxLibrary.ts
    ./src/lib/audio/music/AudioMusicSelection.ts
    ./src/lib/pipeline/PipelineStageExecutor.ts
    ./src/lib/pipeline/PipelineRunner.ts
    ./src/lib/production/ProductionPipelineExecutionConfiguration.ts
    ./src/lib/runtime/ProductionRuntimeCompositionRoot.ts
    ./instrumentation.ts


./src/lib/audio/sfx/SfxLibrary.ts:120:15
Warning: Dynamic filesystem access causes tracing of the whole project
  118 |   env: NodeJS.ProcessEnv = process.env,
  119 | ): SfxClip[] {
> 120 |   const dir = path.join(sfxLibraryRoot(env), category);
      |               ^^^^^^^^^^^^^^^^^^^^^^^^^^^^^^^^^^^^^^^^
  121 |   let entries: string[];
  122 |   try {
  123 |     entries = fs.readdirSync(dir);

Static analysis determined that this filesystem access causes the whole project to be traced and included in the output.
This is usually unintentional and leads to all source files (including the public folder) to be deployed as part of the server code.
This can slow down deployments or lead to failures when size limits are exceeded.
To resolve this, you can
- make sure the path is statically scoped to some subfolder, for example path.join(process.cwd(), 'data', bar), or
- only use them in development, or
- opt out by adding an ignore comment to the highlighted call: path.join(/*turbopackIgnore: true*/ ...), or
- remove them.

Import traces:
  #1 [App Route]:
    ./src/lib/audio/sfx/SfxLibrary.ts
    ./src/lib/audio/AudioCompensationStore.ts
    ./src/lib/assets/storage/AudioStorage.ts
    ./app/api/assets/audio/[slug]/[fileName]/route.ts

  #2 [App Route]:
    ./src/lib/audio/sfx/SfxLibrary.ts
    ./src/lib/audio/music/AudioMusicSelection.ts
    ./src/lib/pipeline/PipelineStageExecutor.ts
    ./src/lib/pipeline/PipelineRunner.ts
    ./app/api/projects/[slug]/pipeline/resume/route.ts

  #3 [Instrumentation]:
    ./src/lib/audio/sfx/SfxLibrary.ts
    ./src/lib/audio/music/AudioMusicSelection.ts
    ./src/lib/pipeline/PipelineStageExecutor.ts
    ./src/lib/pipeline/PipelineRunner.ts
    ./src/lib/production/ProductionPipelineExecutionConfiguration.ts
    ./src/lib/runtime/ProductionRuntimeCompositionRoot.ts
    ./instrumentation.ts


./src/lib/audio/sfx/SfxLibrary.ts:131:28
Warning: Dynamic filesystem access causes tracing of the whole project
  129 |     .sort((a, b) => a.localeCompare(b))
  130 |     .map((fileName) => {
> 131 |       const absolutePath = path.join(dir, fileName);
      |                            ^^^^^^^^^^^^^^^^^^^^^^^^
  132 |       const sidecar = readSidecar(absolutePath);
  133 |       const rightsStatus = classifyMediaRightsStatus(sidecar.license);
  134 |       return {

Static analysis determined that this filesystem access causes the whole project to be traced and included in the output.
This is usually unintentional and leads to all source files (including the public folder) to be deployed as part of the server code.
This can slow down deployments or lead to failures when size limits are exceeded.
To resolve this, you can
- make sure the path is statically scoped to some subfolder, for example path.join(process.cwd(), 'data', bar), or
- only use them in development, or
- opt out by adding an ignore comment to the highlighted call: path.join(/*turbopackIgnore: true*/ ...), or
- remove them.

Import traces:
  #1 [App Route]:
    ./src/lib/audio/sfx/SfxLibrary.ts
    ./src/lib/audio/AudioCompensationStore.ts
    ./src/lib/assets/storage/AudioStorage.ts
    ./app/api/assets/audio/[slug]/[fileName]/route.ts

  #2 [App Route]:
    ./src/lib/audio/sfx/SfxLibrary.ts
    ./src/lib/audio/music/AudioMusicSelection.ts
    ./src/lib/pipeline/PipelineStageExecutor.ts
    ./src/lib/pipeline/PipelineRunner.ts
    ./app/api/projects/[slug]/pipeline/resume/route.ts

  #3 [Instrumentation]:
    ./src/lib/audio/sfx/SfxLibrary.ts
    ./src/lib/audio/music/AudioMusicSelection.ts
    ./src/lib/pipeline/PipelineStageExecutor.ts
    ./src/lib/pipeline/PipelineRunner.ts
    ./src/lib/production/ProductionPipelineExecutionConfiguration.ts
    ./src/lib/runtime/ProductionRuntimeCompositionRoot.ts
    ./instrumentation.ts


./src/lib/ayas/AyasProjectCatalog.ts:149:44
Warning: Dynamic filesystem access causes tracing of the whole project
  147 |
  148 |   const hasFinalVideo = fs.existsSync(path.join(folder, FINAL_VIDEO_RELATIVE));
> 149 |   const sceneVideoCount = countSceneVideos(path.join(folder, ASSET_DIRS.videos));
      |                                            ^^^^^^^^^^^^^^^^^^^^^^^^^^^^^^^^^^^^
  150 |   const audioAssetCount = countFiles(path.join(folder, ASSET_DIRS.audio));
  151 |   const visualAssetCount = countFiles(path.join(folder, ASSET_DIRS.images));
  152 |

Static analysis determined that this filesystem access causes the whole project to be traced and included in the output.
This is usually unintentional and leads to all source files (including the public folder) to be deployed as part of the server code.
This can slow down deployments or lead to failures when size limits are exceeded.
To resolve this, you can
- make sure the path is statically scoped to some subfolder, for example path.join(process.cwd(), 'data', bar), or
- only use them in development, or
- opt out by adding an ignore comment to the highlighted call: path.join(/*turbopackIgnore: true*/ ...), or
- remove them.

Import traces:
  #1 [App Route]:
    ./src/lib/ayas/AyasProjectCatalog.ts
    ./src/lib/audio/AudioCompensationStore.ts
    ./src/lib/assets/storage/AudioStorage.ts
    ./app/api/assets/audio/[slug]/[fileName]/route.ts

  #2 [Server Component]:
    ./src/lib/ayas/AyasProjectCatalog.ts
    ./src/lib/brain/ui/AyasControlCenterCollector.ts
    ./src/components/brain/AyasConsolePage.tsx
    ./app/brain/page.tsx

  #3 [App Route]:
    ./src/lib/ayas/AyasProjectCatalog.ts
    ./src/lib/ayas/execution/AyasSafeExecutors.ts
    ./src/lib/ayas/execution/AyasActionRuntime.ts
    ./src/lib/ayas/execution/AyasGuidedRepairProduction.ts
    ./app/api/ayas/chat/stream/route.ts


./src/lib/ayas/AyasProjectCatalog.ts:150:38
Warning: Dynamic filesystem access causes tracing of the whole project
  148 |   const hasFinalVideo = fs.existsSync(path.join(folder, FINAL_VIDEO_RELATIVE));
  149 |   const sceneVideoCount = countSceneVideos(path.join(folder, ASSET_DIRS.videos));
> 150 |   const audioAssetCount = countFiles(path.join(folder, ASSET_DIRS.audio));
      |                                      ^^^^^^^^^^^^^^^^^^^^^^^^^^^^^^^^^^^
  151 |   const visualAssetCount = countFiles(path.join(folder, ASSET_DIRS.images));
  152 |
  153 |   // Resumability is derived ONLY from a real, successful PipelineRecoveryPlanner

Static analysis determined that this filesystem access causes the whole project to be traced and included in the output.
This is usually unintentional and leads to all source files (including the public folder) to be deployed as part of the server code.
This can slow down deployments or lead to failures when size limits are exceeded.
To resolve this, you can
- make sure the path is statically scoped to some subfolder, for example path.join(process.cwd(), 'data', bar), or
- only use them in development, or
- opt out by adding an ignore comment to the highlighted call: path.join(/*turbopackIgnore: true*/ ...), or
- remove them.

Import traces:
  #1 [App Route]:
    ./src/lib/ayas/AyasProjectCatalog.ts
    ./src/lib/audio/AudioCompensationStore.ts
    ./src/lib/assets/storage/AudioStorage.ts
    ./app/api/assets/audio/[slug]/[fileName]/route.ts

  #2 [Server Component]:
    ./src/lib/ayas/AyasProjectCatalog.ts
    ./src/lib/brain/ui/AyasControlCenterCollector.ts
    ./src/components/brain/AyasConsolePage.tsx
    ./app/brain/page.tsx

  #3 [App Route]:
    ./src/lib/ayas/AyasProjectCatalog.ts
    ./src/lib/ayas/execution/AyasSafeExecutors.ts
    ./src/lib/ayas/execution/AyasActionRuntime.ts
    ./src/lib/ayas/execution/AyasGuidedRepairProduction.ts
    ./app/api/ayas/chat/stream/route.ts


./src/lib/ayas/AyasProjectCatalog.ts:151:39
Warning: Dynamic filesystem access causes tracing of the whole project
  149 |   const sceneVideoCount = countSceneVideos(path.join(folder, ASSET_DIRS.videos));
  150 |   const audioAssetCount = countFiles(path.join(folder, ASSET_DIRS.audio));
> 151 |   const visualAssetCount = countFiles(path.join(folder, ASSET_DIRS.images));
      |                                       ^^^^^^^^^^^^^^^^^^^^^^^^^^^^^^^^^^^^
  152 |
  153 |   // Resumability is derived ONLY from a real, successful PipelineRecoveryPlanner
  154 |   // read — the SAME computation `pipeline-recovery-plan` already dispatches.

Static analysis determined that this filesystem access causes the whole project to be traced and included in the output.
This is usually unintentional and leads to all source files (including the public folder) to be deployed as part of the server code.
This can slow down deployments or lead to failures when size limits are exceeded.
To resolve this, you can
- make sure the path is statically scoped to some subfolder, for example path.join(process.cwd(), 'data', bar), or
- only use them in development, or
- opt out by adding an ignore comment to the highlighted call: path.join(/*turbopackIgnore: true*/ ...), or
- remove them.

Import traces:
  #1 [App Route]:
    ./src/lib/ayas/AyasProjectCatalog.ts
    ./src/lib/audio/AudioCompensationStore.ts
    ./src/lib/assets/storage/AudioStorage.ts
    ./app/api/assets/audio/[slug]/[fileName]/route.ts

  #2 [Server Component]:
    ./src/lib/ayas/AyasProjectCatalog.ts
    ./src/lib/brain/ui/AyasControlCenterCollector.ts
    ./src/components/brain/AyasConsolePage.tsx
    ./app/brain/page.tsx

  #3 [App Route]:
    ./src/lib/ayas/AyasProjectCatalog.ts
    ./src/lib/ayas/execution/AyasSafeExecutors.ts
    ./src/lib/ayas/execution/AyasActionRuntime.ts
    ./src/lib/ayas/execution/AyasGuidedRepairProduction.ts
    ./app/api/ayas/chat/stream/route.ts


./src/lib/ayas/briefing/AyasExecutiveAlertStore.ts:54:22
Warning: Dynamic filesystem access causes tracing of the whole project
  52 |     const root = fs.realpathSync.native(repoRoot), dir = rootPath(root);
  53 |     for (const part of ["data", "data/brain", "data/brain/execution", "data/brain/executio...
> 54 |       const target = path.join(root, part);
     |                      ^^^^^^^^^^^^^^^^^^^^^
  55 |       try { fs.lstatSync(target); } catch (e) { if ((e as NodeJS.ErrnoException).code === ...
  56 |       requireContainedRealDirectory(root, target);
  57 |     }

Static analysis determined that this filesystem access causes the whole project to be traced and included in the output.
This is usually unintentional and leads to all source files (including the public folder) to be deployed as part of the server code.
This can slow down deployments or lead to failures when size limits are exceeded.
To resolve this, you can
- make sure the path is statically scoped to some subfolder, for example path.join(process.cwd(), 'data', bar), or
- only use them in development, or
- opt out by adding an ignore comment to the highlighted call: path.join(/*turbopackIgnore: true*/ ...), or
- remove them.

Import traces:
  #1 [Server Component]:
    ./src/lib/ayas/briefing/AyasExecutiveAlertStore.ts
    ./app/brain/briefing/actions.ts

  #2 [App Route]:
    ./src/lib/ayas/briefing/AyasExecutiveAlertStore.ts
    ./src/lib/audio/AudioCompensationStore.ts
    ./src/lib/assets/storage/AudioStorage.ts
    ./app/api/assets/audio/[slug]/[fileName]/route.ts

  #3 [Server Component]:
    ./src/lib/ayas/briefing/AyasExecutiveAlertStore.ts
    ./src/lib/ayas/briefing/AyasExecutiveOwnerView.ts
    ./src/lib/ayas/briefing/AyasExecutiveBriefingService.ts
    ./app/brain/briefing/page.tsx


./src/lib/ayas/developer/AyasGraphifyStateCollector.ts:215:38
Warning: Dynamic filesystem access causes tracing of the whole project
  213 | ...    const sub = parsed?.[3] ?? "";
  214 | ...    const findings: string[] = [];
> 215 | ...    if (/[\\/]/.test(binary) && !fs.existsSync(binary)) findings.push("HOOK_BINARY_MIS...
      |                                     ^^^^^^^^^^^^^^^^^^^^^
  216 | ...    else if (/^graphify(\.cmd|\.exe)?$/i.test(path.basename(binary)) && commands.size ...
  217 | ...    out.push({ id: `${id}:${out.length}`, host, location, mode: "hook", findings });
  218 | ...  }

Static analysis determined that this filesystem access causes the whole project to be traced and included in the output.
This is usually unintentional and leads to all source files (including the public folder) to be deployed as part of the server code.
This can slow down deployments or lead to failures when size limits are exceeded.
To resolve this, you can
- make sure the path is statically scoped to some subfolder, for example path.join(process.cwd(), 'data', bar), or
- only use them in development, or
- opt out by adding an ignore comment to the highlighted call: fs.existsSync(/*turbopackIgnore: true*/ ...), or
- remove them.

Import traces:
  #1 [App Route]:
    ./src/lib/ayas/developer/AyasGraphifyStateCollector.ts
    ./src/lib/audio/AudioCompensationStore.ts
    ./src/lib/assets/storage/AudioStorage.ts
    ./app/api/assets/audio/[slug]/[fileName]/route.ts

  #2 [App Route]:
    ./src/lib/ayas/developer/AyasGraphifyStateCollector.ts
    ./src/lib/ayas/execution/AyasActionRuntime.ts
    ./src/lib/ayas/AyasProductBrain.ts
    ./app/api/ayas/chat/stream/route.ts

  #3 [Server Component]:
    ./src/lib/ayas/developer/AyasGraphifyStateCollector.ts
    ./src/lib/brain/ui/AyasControlCenterCollector.ts
    ./src/components/brain/AyasConsolePage.tsx
    ./app/brain/page.tsx


./src/lib/ayas/developer/AyasGraphifyStateCollector.ts:268:203
Warning: Dynamic filesystem access causes tracing of the whole project
  266 | ....has(extOf(file)) }) : dirty.all;
  267 | ...
> 268 | ... path.join(root, f)).filter((f) => fs.existsSync(f));
      |                                       ^^^^^^^^^^^^^^^^
  269 | ...
  270 | ...
  271 | ...

Static analysis determined that this filesystem access causes the whole project to be traced and included in the output.
This is usually unintentional and leads to all source files (including the public folder) to be deployed as part of the server code.
This can slow down deployments or lead to failures when size limits are exceeded.
To resolve this, you can
- make sure the path is statically scoped to some subfolder, for example path.join(process.cwd(), 'data', bar), or
- only use them in development, or
- opt out by adding an ignore comment to the highlighted call: fs.existsSync(/*turbopackIgnore: true*/ ...), or
- remove them.

Import traces:
  #1 [App Route]:
    ./src/lib/ayas/developer/AyasGraphifyStateCollector.ts
    ./src/lib/audio/AudioCompensationStore.ts
    ./src/lib/assets/storage/AudioStorage.ts
    ./app/api/assets/audio/[slug]/[fileName]/route.ts

  #2 [App Route]:
    ./src/lib/ayas/developer/AyasGraphifyStateCollector.ts
    ./src/lib/ayas/execution/AyasActionRuntime.ts
    ./src/lib/ayas/AyasProductBrain.ts
    ./app/api/ayas/chat/stream/route.ts

  #3 [Server Component]:
    ./src/lib/ayas/developer/AyasGraphifyStateCollector.ts
    ./src/lib/brain/ui/AyasControlCenterCollector.ts
    ./src/components/brain/AyasConsolePage.tsx
    ./app/brain/page.tsx


./src/lib/ayas/developer/AyasGraphifyStateCollector.ts:268:169
Warning: Dynamic filesystem access causes tracing of the whole project
  266 | ...(file) => nodeProducingExtensions.has(extOf(file)) }) : dirty.all;
  267 | ...
> 268 | ...TE_DIR, "config.yml")].map((f) => path.join(root, f)).filter((f) => fs.existsSync(f));
      |                                      ^^^^^^^^^^^^^^^^^^
  269 | ...
  270 | ...
  271 | ...

Static analysis determined that this filesystem access causes the whole project to be traced and included in the output.
This is usually unintentional and leads to all source files (including the public folder) to be deployed as part of the server code.
This can slow down deployments or lead to failures when size limits are exceeded.
To resolve this, you can
- make sure the path is statically scoped to some subfolder, for example path.join(process.cwd(), 'data', bar), or
- only use them in development, or
- opt out by adding an ignore comment to the highlighted call: path.join(/*turbopackIgnore: true*/ ...), or
- remove them.

Import traces:
  #1 [App Route]:
    ./src/lib/ayas/developer/AyasGraphifyStateCollector.ts
    ./src/lib/audio/AudioCompensationStore.ts
    ./src/lib/assets/storage/AudioStorage.ts
    ./app/api/assets/audio/[slug]/[fileName]/route.ts

  #2 [App Route]:
    ./src/lib/ayas/developer/AyasGraphifyStateCollector.ts
    ./src/lib/ayas/execution/AyasActionRuntime.ts
    ./src/lib/ayas/AyasProductBrain.ts
    ./app/api/ayas/chat/stream/route.ts

  #3 [Server Component]:
    ./src/lib/ayas/developer/AyasGraphifyStateCollector.ts
    ./src/lib/brain/ui/AyasControlCenterCollector.ts
    ./src/components/brain/AyasConsolePage.tsx
    ./app/brain/page.tsx


./src/lib/ayas/execution/AyasDeveloperEvidence.ts:196:15
Warning: Dynamic filesystem access causes tracing of the whole project
  194 |   if (typeof validationId !== "string" || !(validationId in VALIDATIONS)) throw new AyasA...
  195 |   const [entry, args, timeout] = VALIDATIONS[validationId]!;
> 196 |   const cli = path.join(ROOT, entry);
      |               ^^^^^^^^^^^^^^^^^^^^^^
  197 |   if (!fs.existsSync(cli)) return result("run-developer-validation", `Registered validati...
  198 |   const execution = await run(process.execPath, [cli, ...args], timeout);
  199 |   return result("run-developer-validation", `${validationId}: ${execution.ok ? "PASS" : "...

Static analysis determined that this filesystem access causes the whole project to be traced and included in the output.
This is usually unintentional and leads to all source files (including the public folder) to be deployed as part of the server code.
This can slow down deployments or lead to failures when size limits are exceeded.
To resolve this, you can
- make sure the path is statically scoped to some subfolder, for example path.join(process.cwd(), 'data', bar), or
- only use them in development, or
- opt out by adding an ignore comment to the highlighted call: path.join(/*turbopackIgnore: true*/ ...), or
- remove them.

Import traces:
  #1 [App Route]:
    ./src/lib/ayas/execution/AyasDeveloperEvidence.ts
    ./src/lib/ayas/execution/AyasGuidedRepair.ts
    ./src/lib/ayas/execution/AyasGuidedRepairSessionStore.ts
    ./app/api/ayas/chat/stream/route.ts

  #2 [App Route]:
    ./src/lib/ayas/execution/AyasDeveloperEvidence.ts
    ./src/lib/ayas/execution/AyasSafeExecutors.ts
    ./src/lib/ayas/execution/AyasActionRuntime.ts
    ./src/lib/ayas/execution/AyasGuidedRepairProduction.ts
    ./app/api/ayas/chat/stream/route.ts

  #3 [Server Component]:
    ./src/lib/ayas/execution/AyasDeveloperEvidence.ts
    ./src/lib/ayas/execution/AyasSafeExecutors.ts
    ./src/lib/ayas/execution/AyasActionRuntime.ts
    ./src/lib/ayas/AyasChatStream.ts
    ./app/brain/actions.ts
    ./src/components/brain/AyasConsolePage.tsx
    ./app/brain/page.tsx


./src/lib/ayas/execution/AyasDeveloperEvidence.ts:35:20
Warning: Dynamic filesystem access causes tracing of the whole project
  33 |   if (!SAFE_ROOTS.some((root) => normalized.startsWith(root)) && !(normalized.endsWith(".m...
  34 |   if (!SAFE_EXTENSIONS.has(path.extname(normalized).toLowerCase())) throw new AyasActionVa...
> 35 |   const absolute = path.resolve(ROOT, normalized);
     |                    ^^^^^^^^^^^^^^^^^^^^^^^^^^^^^^
  36 |   const relative = path.relative(ROOT, absolute);
  37 |   if (!relative || relative.startsWith("..") || path.isAbsolute(relative)) throw new AyasA...
  38 |   return normalized;

Static analysis determined that this filesystem access causes the whole project to be traced and included in the output.
This is usually unintentional and leads to all source files (including the public folder) to be deployed as part of the server code.
This can slow down deployments or lead to failures when size limits are exceeded.
To resolve this, you can
- make sure the path is statically scoped to some subfolder, for example path.join(process.cwd(), 'data', bar), or
- only use them in development, or
- opt out by adding an ignore comment to the highlighted call: path.resolve(/*turbopackIgnore: true*/ ...), or
- remove them.

Import traces:
  #1 [App Route]:
    ./src/lib/ayas/execution/AyasDeveloperEvidence.ts
    ./src/lib/ayas/execution/AyasGuidedRepair.ts
    ./src/lib/ayas/execution/AyasGuidedRepairSessionStore.ts
    ./app/api/ayas/chat/stream/route.ts

  #2 [App Route]:
    ./src/lib/ayas/execution/AyasDeveloperEvidence.ts
    ./src/lib/ayas/execution/AyasSafeExecutors.ts
    ./src/lib/ayas/execution/AyasActionRuntime.ts
    ./src/lib/ayas/execution/AyasGuidedRepairProduction.ts
    ./app/api/ayas/chat/stream/route.ts

  #3 [Server Component]:
    ./src/lib/ayas/execution/AyasDeveloperEvidence.ts
    ./src/lib/ayas/execution/AyasSafeExecutors.ts
    ./src/lib/ayas/execution/AyasActionRuntime.ts
    ./src/lib/ayas/AyasChatStream.ts
    ./app/brain/actions.ts
    ./src/components/brain/AyasConsolePage.tsx
    ./app/brain/page.tsx


./src/lib/ayas/execution/AyasDeveloperEvidence.ts:83:22
Warning: Dynamic filesystem access causes tracing of the whole project
  81 |     const relative = line.slice(3).split(" -> ").at(-1)?.replace(/\//gu, path.sep);
  82 |     if (!relative || !/^(?:src|scripts|app)[\\/]|^[^\\/]+\.md$/iu.test(relative)) continue;
> 83 |     const absolute = path.resolve(ROOT, relative);
     |                      ^^^^^^^^^^^^^^^^^^^^^^^^^^^^
  84 |     const within = path.relative(ROOT, absolute);
  85 |     if (!within || within.startsWith("..") || path.isAbsolute(within)) return false;
  86 |     const entry = Object.entries(manifest).find(([key]) => path.normalize(key).toLowerCase...

Static analysis determined that this filesystem access causes the whole project to be traced and included in the output.
This is usually unintentional and leads to all source files (including the public folder) to be deployed as part of the server code.
This can slow down deployments or lead to failures when size limits are exceeded.
To resolve this, you can
- make sure the path is statically scoped to some subfolder, for example path.join(process.cwd(), 'data', bar), or
- only use them in development, or
- opt out by adding an ignore comment to the highlighted call: path.resolve(/*turbopackIgnore: true*/ ...), or
- remove them.

Import traces:
  #1 [App Route]:
    ./src/lib/ayas/execution/AyasDeveloperEvidence.ts
    ./src/lib/ayas/execution/AyasGuidedRepair.ts
    ./src/lib/ayas/execution/AyasGuidedRepairSessionStore.ts
    ./app/api/ayas/chat/stream/route.ts

  #2 [App Route]:
    ./src/lib/ayas/execution/AyasDeveloperEvidence.ts
    ./src/lib/ayas/execution/AyasSafeExecutors.ts
    ./src/lib/ayas/execution/AyasActionRuntime.ts
    ./src/lib/ayas/execution/AyasGuidedRepairProduction.ts
    ./app/api/ayas/chat/stream/route.ts

  #3 [Server Component]:
    ./src/lib/ayas/execution/AyasDeveloperEvidence.ts
    ./src/lib/ayas/execution/AyasSafeExecutors.ts
    ./src/lib/ayas/execution/AyasActionRuntime.ts
    ./src/lib/ayas/AyasChatStream.ts
    ./app/brain/actions.ts
    ./src/components/brain/AyasConsolePage.tsx
    ./app/brain/page.tsx


./src/lib/ayas/execution/AyasDeveloperEvidence.ts:141:20
Warning: Dynamic filesystem access causes tracing of the whole project
  139 |   const startLine = field(request, "startLine") ?? 1; const endLine = field(request, "end...
  140 |   if (!Number.isInteger(startLine) || !Number.isInteger(endLine) || (startLine as number)...
> 141 |   const absolute = path.resolve(ROOT, filePath);
      |                    ^^^^^^^^^^^^^^^^^^^^^^^^^^^^
  142 |   assertExistingPathContained(absolute);
  143 |   const stat = fs.statSync(absolute); if (!stat.isFile() || stat.size > 1_000_000) throw ...
  144 |   const lines = fs.readFileSync(absolute, "utf8").split(/\r?\n/u); const selected = lines...

Static analysis determined that this filesystem access causes the whole project to be traced and included in the output.
This is usually unintentional and leads to all source files (including the public folder) to be deployed as part of the server code.
This can slow down deployments or lead to failures when size limits are exceeded.
To resolve this, you can
- make sure the path is statically scoped to some subfolder, for example path.join(process.cwd(), 'data', bar), or
- only use them in development, or
- opt out by adding an ignore comment to the highlighted call: path.resolve(/*turbopackIgnore: true*/ ...), or
- remove them.

Import traces:
  #1 [App Route]:
    ./src/lib/ayas/execution/AyasDeveloperEvidence.ts
    ./src/lib/ayas/execution/AyasGuidedRepair.ts
    ./src/lib/ayas/execution/AyasGuidedRepairSessionStore.ts
    ./app/api/ayas/chat/stream/route.ts

  #2 [App Route]:
    ./src/lib/ayas/execution/AyasDeveloperEvidence.ts
    ./src/lib/ayas/execution/AyasSafeExecutors.ts
    ./src/lib/ayas/execution/AyasActionRuntime.ts
    ./src/lib/ayas/execution/AyasGuidedRepairProduction.ts
    ./app/api/ayas/chat/stream/route.ts

  #3 [Server Component]:
    ./src/lib/ayas/execution/AyasDeveloperEvidence.ts
    ./src/lib/ayas/execution/AyasSafeExecutors.ts
    ./src/lib/ayas/execution/AyasActionRuntime.ts
    ./src/lib/ayas/AyasChatStream.ts
    ./app/brain/actions.ts
    ./src/components/brain/AyasConsolePage.tsx
    ./app/brain/page.tsx


./src/lib/ayas/execution/AyasGuidedRepair.ts:166:109
Warning: Dynamic filesystem access causes tracing of the whole project
  164 | ..."file is outside approved scope");
  165 | ...ror("operation is outside approved scope");
> 166 | ...esolve(root, rel); const exists = fs.existsSync(abs); const old = exists ? fs.readFile...
      |                                      ^^^^^^^^^^^^^^^^^^
  167 | ...gression", "create-approved-source"].includes(patch.operation))) throw new Error("file...
  168 | ... new Error("new-file bound exceeded");
  169 | ...or("precondition hash mismatch");

Static analysis determined that this filesystem access causes the whole project to be traced and included in the output.
This is usually unintentional and leads to all source files (including the public folder) to be deployed as part of the server code.
This can slow down deployments or lead to failures when size limits are exceeded.
To resolve this, you can
- make sure the path is statically scoped to some subfolder, for example path.join(process.cwd(), 'data', bar), or
- only use them in development, or
- opt out by adding an ignore comment to the highlighted call: fs.existsSync(/*turbopackIgnore: true*/ ...), or
- remove them.

Import traces:
  #1 [App Route]:
    ./src/lib/ayas/execution/AyasGuidedRepair.ts
    ./src/lib/ayas/execution/AyasDeveloperWorkflowStore.ts
    ./app/api/ayas/chat/stream/route.ts

  #2 [App Route]:
    ./src/lib/ayas/execution/AyasGuidedRepair.ts
    ./src/lib/ayas/execution/AyasGuidedRepair.ts
    ./src/lib/ayas/execution/AyasGuidedRepairSessionStore.ts
    ./app/api/ayas/chat/stream/route.ts

  #3 [Server Component]:
    ./src/lib/ayas/execution/AyasGuidedRepair.ts
    ./src/lib/ayas/execution/AyasWorkflowPlanner.ts
    ./src/lib/ayas/execution/AyasControlledSelfImprovement.ts
    ./src/lib/ayas/AyasProductBrain.ts
    ./app/brain/actions.ts
    ./src/components/brain/AyasConsolePage.tsx
    ./app/brain/page.tsx


./src/lib/ayas/execution/AyasGuidedRepair.ts:166:150
Warning: Dynamic filesystem access causes tracing of the whole project
  164 | ...
  165 | ...
> 166 | ...c(abs); const old = exists ? fs.readFileSync(abs, "utf8") : null;
      |                                 ^^^^^^^^^^^^^^^^^^^^^^^^^^^^
  167 | ...patch.operation))) throw new Error("file creation is not approved");
  168 | ...
  169 | ...

Static analysis determined that this filesystem access causes the whole project to be traced and included in the output.
This is usually unintentional and leads to all source files (including the public folder) to be deployed as part of the server code.
This can slow down deployments or lead to failures when size limits are exceeded.
To resolve this, you can
- make sure the path is statically scoped to some subfolder, for example path.join(process.cwd(), 'data', bar), or
- only use them in development, or
- opt out by adding an ignore comment to the highlighted call: fs.readFileSync(/*turbopackIgnore: true*/ ...), or
- remove them.

Import traces:
  #1 [App Route]:
    ./src/lib/ayas/execution/AyasGuidedRepair.ts
    ./src/lib/ayas/execution/AyasDeveloperWorkflowStore.ts
    ./app/api/ayas/chat/stream/route.ts

  #2 [App Route]:
    ./src/lib/ayas/execution/AyasGuidedRepair.ts
    ./src/lib/ayas/execution/AyasGuidedRepair.ts
    ./src/lib/ayas/execution/AyasGuidedRepairSessionStore.ts
    ./app/api/ayas/chat/stream/route.ts

  #3 [Server Component]:
    ./src/lib/ayas/execution/AyasGuidedRepair.ts
    ./src/lib/ayas/execution/AyasWorkflowPlanner.ts
    ./src/lib/ayas/execution/AyasControlledSelfImprovement.ts
    ./src/lib/ayas/AyasProductBrain.ts
    ./app/brain/actions.ts
    ./src/components/brain/AyasConsolePage.tsx
    ./app/brain/page.tsx


./src/lib/ayas/execution/AyasGuidedRepair.ts:160:11
Warning: Dynamic filesystem access causes tracing of the whole project
  158 |     };
  159 |     try {
> 160 |       if (fs.realpathSync(root) !== receipt.workspaceRoot) throw new Error("authorization...
      |           ^^^^^^^^^^^^^^^^^^^^^
  161 |       canonicalizeAyasExactFiles(root, patches.map((patch) => patch.filePath));
  162 |       let newFileCount = 0;
  163 |       for (const patch of patches) {

Static analysis determined that this filesystem access causes the whole project to be traced and included in the output.
This is usually unintentional and leads to all source files (including the public folder) to be deployed as part of the server code.
This can slow down deployments or lead to failures when size limits are exceeded.
To resolve this, you can
- make sure the path is statically scoped to some subfolder, for example path.join(process.cwd(), 'data', bar), or
- only use them in development, or
- opt out by adding an ignore comment to the highlighted call: fs.realpathSync(/*turbopackIgnore: true*/ ...), or
- remove them.

Import traces:
  #1 [App Route]:
    ./src/lib/ayas/execution/AyasGuidedRepair.ts
    ./src/lib/ayas/execution/AyasDeveloperWorkflowStore.ts
    ./app/api/ayas/chat/stream/route.ts

  #2 [App Route]:
    ./src/lib/ayas/execution/AyasGuidedRepair.ts
    ./src/lib/ayas/execution/AyasGuidedRepair.ts
    ./src/lib/ayas/execution/AyasGuidedRepairSessionStore.ts
    ./app/api/ayas/chat/stream/route.ts

  #3 [Server Component]:
    ./src/lib/ayas/execution/AyasGuidedRepair.ts
    ./src/lib/ayas/execution/AyasWorkflowPlanner.ts
    ./src/lib/ayas/execution/AyasControlledSelfImprovement.ts
    ./src/lib/ayas/AyasProductBrain.ts
    ./app/brain/actions.ts
    ./src/components/brain/AyasConsolePage.tsx
    ./app/brain/page.tsx


./src/lib/ayas/execution/AyasGuidedRepair.ts:181:11
Warning: Dynamic filesystem access causes tracing of the whole project
  179 |       const firewall = createAyasActionFirewall({ repoRoot: root, now, ownerReservation: {
  180 |         readProof: () => !receipt.revoked && JSON.stringify(auth) === receipt.snapshot &&...
> 181 |           fs.realpathSync(root) === receipt.workspaceRoot ? { ownerId: "shared-passcode-o...
      |           ^^^^^^^^^^^^^^^^^^^^^
  182 |             reservedAt: auth.createdAt, expiresAt: auth.expiresAt, request } : undefined,
  183 |         readLease: () => audit.read(executionId)?.capabilityLease,
  184 |         recordLease: (lease) => { capabilityLease = lease; recordAudit("APPROVED_NOT_STAR...

Static analysis determined that this filesystem access causes the whole project to be traced and included in the output.
This is usually unintentional and leads to all source files (including the public folder) to be deployed as part of the server code.
This can slow down deployments or lead to failures when size limits are exceeded.
To resolve this, you can
- make sure the path is statically scoped to some subfolder, for example path.join(process.cwd(), 'data', bar), or
- only use them in development, or
- opt out by adding an ignore comment to the highlighted call: fs.realpathSync(/*turbopackIgnore: true*/ ...), or
- remove them.

Import traces:
  #1 [App Route]:
    ./src/lib/ayas/execution/AyasGuidedRepair.ts
    ./src/lib/ayas/execution/AyasDeveloperWorkflowStore.ts
    ./app/api/ayas/chat/stream/route.ts

  #2 [App Route]:
    ./src/lib/ayas/execution/AyasGuidedRepair.ts
    ./src/lib/ayas/execution/AyasGuidedRepair.ts
    ./src/lib/ayas/execution/AyasGuidedRepairSessionStore.ts
    ./app/api/ayas/chat/stream/route.ts

  #3 [Server Component]:
    ./src/lib/ayas/execution/AyasGuidedRepair.ts
    ./src/lib/ayas/execution/AyasWorkflowPlanner.ts
    ./src/lib/ayas/execution/AyasControlledSelfImprovement.ts
    ./src/lib/ayas/AyasProductBrain.ts
    ./app/brain/actions.ts
    ./src/components/brain/AyasConsolePage.tsx
    ./app/brain/page.tsx


./src/lib/ayas/execution/AyasGuidedRepair.ts:129:16
Warning: Dynamic filesystem access causes tracing of the whole project
  127 |
  128 | export function createAyasGuidedRepairService(deps: AyasGuidedRepairDeps = {}) {
> 129 |   const root = path.resolve(deps.workspaceRoot ?? process.cwd()); const now = deps.now ??...
      |                ^^^^^^^^^^^^^^^^^^^^^^^^^^^^^^^^^^^^^^^^^^^^^^^^^
  130 |   const approvalContext: RepairApprovalContext = { workspaceRoot: root, issuer: deps.work...
  131 |   const journal = (e: AyasJournalEntry) => deps.journal?.(e);
  132 |   async function applyInternal(proposal: AyasRepairProposal, auth: AyasRepairAuthorizatio...

Static analysis determined that this filesystem access causes the whole project to be traced and included in the output.
This is usually unintentional and leads to all source files (including the public folder) to be deployed as part of the server code.
This can slow down deployments or lead to failures when size limits are exceeded.
To resolve this, you can
- make sure the path is statically scoped to some subfolder, for example path.join(process.cwd(), 'data', bar), or
- only use them in development, or
- opt out by adding an ignore comment to the highlighted call: path.resolve(/*turbopackIgnore: true*/ ...), or
- remove them.

Import traces:
  #1 [App Route]:
    ./src/lib/ayas/execution/AyasGuidedRepair.ts
    ./src/lib/ayas/execution/AyasDeveloperWorkflowStore.ts
    ./app/api/ayas/chat/stream/route.ts

  #2 [App Route]:
    ./src/lib/ayas/execution/AyasGuidedRepair.ts
    ./src/lib/ayas/execution/AyasGuidedRepair.ts
    ./src/lib/ayas/execution/AyasGuidedRepairSessionStore.ts
    ./app/api/ayas/chat/stream/route.ts

  #3 [Server Component]:
    ./src/lib/ayas/execution/AyasGuidedRepair.ts
    ./src/lib/ayas/execution/AyasWorkflowPlanner.ts
    ./src/lib/ayas/execution/AyasControlledSelfImprovement.ts
    ./src/lib/ayas/AyasProductBrain.ts
    ./app/brain/actions.ts
    ./src/components/brain/AyasConsolePage.tsx
    ./app/brain/page.tsx


./src/lib/ayas/execution/AyasGuidedRepairProduction.ts:21:23
Warning: Dynamic filesystem access causes tracing of the whole project
  19 | async function fixedLocal(bin: string, args: readonly string[], cwd: string, timeout: numb...
  20 |   const localEntries: Readonly<Record<string, string>> = { tsc: "node_modules/typescript/b...
> 21 |   const candidates = [path.join(cwd, localEntries[bin] ?? "")];
     |                       ^^^^^^^^^^^^^^^^^^^^^^^^^^^^^^^^^^^^^^^
  22 |   if (bin === "graphify" && process.env.APPDATA) candidates.push(path.join(process.env.APP...
  23 |   const entry = candidates.find((candidate) => fs.existsSync(candidate) && fs.statSync(can...
  24 |   if (!entry) throw new Error(`registered validator unavailable: ${bin}`);

Static analysis determined that this filesystem access causes the whole project to be traced and included in the output.
This is usually unintentional and leads to all source files (including the public folder) to be deployed as part of the server code.
This can slow down deployments or lead to failures when size limits are exceeded.
To resolve this, you can
- make sure the path is statically scoped to some subfolder, for example path.join(process.cwd(), 'data', bar), or
- only use them in development, or
- opt out by adding an ignore comment to the highlighted call: path.join(/*turbopackIgnore: true*/ ...), or
- remove them.

Import traces:
  #1 [App Route]:
    ./src/lib/ayas/execution/AyasGuidedRepairProduction.ts
    ./app/api/ayas/chat/stream/route.ts

  #2 [App Route]:
    ./src/lib/ayas/execution/AyasGuidedRepairProduction.ts
    ./src/lib/ayas/execution/AyasGuidedRepair.ts
    ./src/lib/ayas/execution/AyasGuidedRepairSessionStore.ts
    ./app/api/ayas/chat/stream/route.ts


./src/lib/ayas/execution/AyasSafeExecutors.ts:131:14
Warning: Dynamic filesystem access causes tracing of the whole project
  129 |   let cursor = REPO_ROOT;
  130 |   for (const segment of relativePath.split("/")) {
> 131 |     cursor = path.join(cursor, segment);
      |              ^^^^^^^^^^^^^^^^^^^^^^^^^^
  132 |     try {
  133 |       if (fs.lstatSync(cursor).isSymbolicLink()) {
  134 |         throw new AyasActionValidationError("path-denied", "bağlantılı depo yolu okunamaz");

Static analysis determined that this filesystem access causes the whole project to be traced and included in the output.
This is usually unintentional and leads to all source files (including the public folder) to be deployed as part of the server code.
This can slow down deployments or lead to failures when size limits are exceeded.
To resolve this, you can
- make sure the path is statically scoped to some subfolder, for example path.join(process.cwd(), 'data', bar), or
- only use them in development, or
- opt out by adding an ignore comment to the highlighted call: path.join(/*turbopackIgnore: true*/ ...), or
- remove them.

Import traces:
  #1 [App Route]:
    ./src/lib/ayas/execution/AyasSafeExecutors.ts
    ./src/lib/ayas/execution/AyasGuidedRepair.ts
    ./src/lib/ayas/execution/AyasGuidedRepairSessionStore.ts
    ./app/api/ayas/chat/stream/route.ts

  #2 [App Route]:
    ./src/lib/ayas/execution/AyasSafeExecutors.ts
    ./src/lib/ayas/execution/AyasActionRuntime.ts
    ./src/lib/ayas/execution/AyasGuidedRepairProduction.ts
    ./app/api/ayas/chat/stream/route.ts

  #3 [Server Component]:
    ./src/lib/ayas/execution/AyasSafeExecutors.ts
    ./src/lib/ayas/execution/AyasActionRuntime.ts
    ./src/lib/ayas/AyasChatStream.ts
    ./app/brain/actions.ts
    ./src/components/brain/AyasConsolePage.tsx
    ./app/brain/page.tsx


./src/lib/ayas/execution/AyasSafeExecutors.ts:174:19
Warning: Dynamic filesystem access causes tracing of the whole project
  172 |   }
  173 |   const relPath = DOCUMENT_PATHS[documentId]!;
> 174 |   const absPath = path.join(REPO_ROOT, relPath);
      |                   ^^^^^^^^^^^^^^^^^^^^^^^^^^^^^
  175 |   denyLinkedRepositoryPath(relPath);
  176 |
  177 |   let raw: string;

Static analysis determined that this filesystem access causes the whole project to be traced and included in the output.
This is usually unintentional and leads to all source files (including the public folder) to be deployed as part of the server code.
This can slow down deployments or lead to failures when size limits are exceeded.
To resolve this, you can
- make sure the path is statically scoped to some subfolder, for example path.join(process.cwd(), 'data', bar), or
- only use them in development, or
- opt out by adding an ignore comment to the highlighted call: path.join(/*turbopackIgnore: true*/ ...), or
- remove them.

Import traces:
  #1 [App Route]:
    ./src/lib/ayas/execution/AyasSafeExecutors.ts
    ./src/lib/ayas/execution/AyasGuidedRepair.ts
    ./src/lib/ayas/execution/AyasGuidedRepairSessionStore.ts
    ./app/api/ayas/chat/stream/route.ts

  #2 [App Route]:
    ./src/lib/ayas/execution/AyasSafeExecutors.ts
    ./src/lib/ayas/execution/AyasActionRuntime.ts
    ./src/lib/ayas/execution/AyasGuidedRepairProduction.ts
    ./app/api/ayas/chat/stream/route.ts

  #3 [Server Component]:
    ./src/lib/ayas/execution/AyasSafeExecutors.ts
    ./src/lib/ayas/execution/AyasActionRuntime.ts
    ./src/lib/ayas/AyasChatStream.ts
    ./app/brain/actions.ts
    ./src/components/brain/AyasConsolePage.tsx
    ./app/brain/page.tsx


./src/lib/ayas/execution/AyasSafeExecutors.ts:301:49
Warning: Dynamic filesystem access causes tracing of the whole project
  299 | ...
  300 | ...
> 301 | ...of SOURCE_SEARCH_ROOTS) visit(path.join(REPO_ROOT, root));
      |                                  ^^^^^^^^^^^^^^^^^^^^^^^^^^
  302 | ... "search-project-source", write: false, summary: `"${query}" için ${results.length} sı...
  303 | ...
  304 | ...

Static analysis determined that this filesystem access causes the whole project to be traced and included in the output.
This is usually unintentional and leads to all source files (including the public folder) to be deployed as part of the server code.
This can slow down deployments or lead to failures when size limits are exceeded.
To resolve this, you can
- make sure the path is statically scoped to some subfolder, for example path.join(process.cwd(), 'data', bar), or
- only use them in development, or
- opt out by adding an ignore comment to the highlighted call: path.join(/*turbopackIgnore: true*/ ...), or
- remove them.

Import traces:
  #1 [App Route]:
    ./src/lib/ayas/execution/AyasSafeExecutors.ts
    ./src/lib/ayas/execution/AyasGuidedRepair.ts
    ./src/lib/ayas/execution/AyasGuidedRepairSessionStore.ts
    ./app/api/ayas/chat/stream/route.ts

  #2 [App Route]:
    ./src/lib/ayas/execution/AyasSafeExecutors.ts
    ./src/lib/ayas/execution/AyasActionRuntime.ts
    ./src/lib/ayas/execution/AyasGuidedRepairProduction.ts
    ./app/api/ayas/chat/stream/route.ts

  #3 [Server Component]:
    ./src/lib/ayas/execution/AyasSafeExecutors.ts
    ./src/lib/ayas/execution/AyasActionRuntime.ts
    ./src/lib/ayas/AyasChatStream.ts
    ./app/brain/actions.ts
    ./src/components/brain/AyasConsolePage.tsx
    ./app/brain/page.tsx


./src/lib/ayas/execution/AyasSafeExecutors.ts:240:19
Warning: Dynamic filesystem access causes tracing of the whole project
  238 |     throw new AyasActionValidationError("extension-not-allowed", `"${ext || "(uzantısız)"...
  239 |   }
> 240 |   const absPath = path.resolve(REPO_ROOT, normalized);
      |                   ^^^^^^^^^^^^^^^^^^^^^^^^^^^^^^^^^^^
  241 |   if (!isPathWithinRoot(absPath, REPO_ROOT)) {
  242 |     throw new AyasActionValidationError("path-traversal", "çözümlenen yol depo kökünün dı...
  243 |   }

Static analysis determined that this filesystem access causes the whole project to be traced and included in the output.
This is usually unintentional and leads to all source files (including the public folder) to be deployed as part of the server code.
This can slow down deployments or lead to failures when size limits are exceeded.
To resolve this, you can
- make sure the path is statically scoped to some subfolder, for example path.join(process.cwd(), 'data', bar), or
- only use them in development, or
- opt out by adding an ignore comment to the highlighted call: path.resolve(/*turbopackIgnore: true*/ ...), or
- remove them.

Import traces:
  #1 [App Route]:
    ./src/lib/ayas/execution/AyasSafeExecutors.ts
    ./src/lib/ayas/execution/AyasGuidedRepair.ts
    ./src/lib/ayas/execution/AyasGuidedRepairSessionStore.ts
    ./app/api/ayas/chat/stream/route.ts

  #2 [App Route]:
    ./src/lib/ayas/execution/AyasSafeExecutors.ts
    ./src/lib/ayas/execution/AyasActionRuntime.ts
    ./src/lib/ayas/execution/AyasGuidedRepairProduction.ts
    ./app/api/ayas/chat/stream/route.ts

  #3 [Server Component]:
    ./src/lib/ayas/execution/AyasSafeExecutors.ts
    ./src/lib/ayas/execution/AyasActionRuntime.ts
    ./src/lib/ayas/AyasChatStream.ts
    ./app/brain/actions.ts
    ./src/components/brain/AyasConsolePage.tsx
    ./app/brain/page.tsx


./src/lib/ayas/governance/AyasOwnerConstitutionReader.ts:34:25
Warning: Dynamic filesystem access causes tracing of the whole project
  32 |     // Missing is distinct from an unreadable/unsafe ancestor; never turn IO failure into ...
  33 |     for (const relative of ["data", "data/brain", "data/brain/owner-constitution"]) {
> 34 |       const candidate = path.join(physicalRepo, relative);
     |                         ^^^^^^^^^^^^^^^^^^^^^^^^^^^^^^^^^
  35 |       try { fs.lstatSync(candidate); } catch (error) { if ((error as NodeJS.ErrnoException...
  36 |       requireContainedRealDirectory(physicalRepo, candidate);
  37 |     }

Static analysis determined that this filesystem access causes the whole project to be traced and included in the output.
This is usually unintentional and leads to all source files (including the public folder) to be deployed as part of the server code.
This can slow down deployments or lead to failures when size limits are exceeded.
To resolve this, you can
- make sure the path is statically scoped to some subfolder, for example path.join(process.cwd(), 'data', bar), or
- only use them in development, or
- opt out by adding an ignore comment to the highlighted call: path.join(/*turbopackIgnore: true*/ ...), or
- remove them.

Import traces:
  #1 [App Route]:
    ./src/lib/ayas/governance/AyasOwnerConstitutionReader.ts
    ./src/lib/audio/AudioCompensationStore.ts
    ./src/lib/assets/storage/AudioStorage.ts
    ./app/api/assets/audio/[slug]/[fileName]/route.ts

  #2 [App Route]:
    ./src/lib/ayas/governance/AyasOwnerConstitutionReader.ts
    ./src/lib/ayas/execution/AyasActionFirewall.ts
    ./src/lib/ayas/execution/AyasGuidedRepair.ts
    ./src/lib/ayas/execution/AyasDeveloperWorkflowStore.ts
    ./app/api/ayas/chat/stream/route.ts

  #3 [Instrumentation]:
    ./src/lib/ayas/governance/AyasOwnerConstitutionReader.ts
    ./src/lib/ayas/machine/AyasResourceOccupancy.ts
    ./src/lib/production/ProductionPipelineExecutionCanonicalRuntime.ts
    ./src/lib/production/ProductionPipelineExecutionConfiguration.ts
    ./src/lib/runtime/ProductionRuntimeCompositionRoot.ts
    ./instrumentation.ts

  #4 [Server Component]:
    ./src/lib/ayas/governance/AyasOwnerConstitutionReader.ts
    ./src/lib/brain/autonomy/AyasDeepResearchEngine.ts
    ./src/lib/brain/autonomy/AyasGoalResearchSchedule.ts
    ./app/brain/actions.ts
    ./src/components/brain/AyasConsolePage.tsx
    ./app/brain/page.tsx


./src/lib/brain/autonomy/AyasApprovalInboxReader.ts:101:16
Warning: Dynamic filesystem access causes tracing of the whole project
   99 | ...
  100 | ...nction readAyasApprovalInboxState(options: AyasApprovalInboxReaderOptions = {}): AyasA...
> 101 | ...oot = path.resolve(options.rootDir ?? path.join(process.cwd(), "data", "brain"));
      |          ^^^^^^^^^^^^^^^^^^^^^^^^^^^^^^^^^^^^^^^^^^^^^^^^^^^^^^^^^^^^^^^^^^^^^^^^^^
  102 | ...tateFile = path.join(root, "autonomy", "approval-inbox.json");
  103 | ....existsSync(stateFile)) return { proposals: [], decisions: [], results: [] };
  104 | ...

Static analysis determined that this filesystem access causes the whole project to be traced and included in the output.
This is usually unintentional and leads to all source files (including the public folder) to be deployed as part of the server code.
This can slow down deployments or lead to failures when size limits are exceeded.
To resolve this, you can
- make sure the path is statically scoped to some subfolder, for example path.join(process.cwd(), 'data', bar), or
- only use them in development, or
- opt out by adding an ignore comment to the highlighted call: path.resolve(/*turbopackIgnore: true*/ ...), or
- remove them.

Import traces:
  #1 [Server Component]:
    ./src/lib/brain/autonomy/AyasApprovalInboxReader.ts
    ./src/lib/brain/autonomy/AyasApprovalInboxView.ts
    ./src/lib/ayas/briefing/AyasExecutiveBriefingService.ts
    ./app/brain/briefing/page.tsx

  #2 [App Route]:
    ./src/lib/brain/autonomy/AyasApprovalInboxReader.ts
    ./src/lib/ayas/execution/AyasSafeExecutors.ts
    ./src/lib/ayas/execution/AyasActionRuntime.ts
    ./src/lib/ayas/AyasProductBrain.ts
    ./app/api/ayas/chat/stream/route.ts

  #3 [App Route]:
    ./src/lib/brain/autonomy/AyasApprovalInboxReader.ts
    ./src/lib/ayas/execution/AyasDevelopmentStatus.ts
    ./src/lib/ayas/execution/AyasSafeExecutors.ts
    ./src/lib/ayas/execution/AyasActionRuntime.ts
    ./src/lib/ayas/execution/AyasGuidedRepairProduction.ts
    ./app/api/ayas/chat/stream/route.ts


./src/lib/brain/autonomy/AyasApprovalInboxStore.ts:241:16
Warning: Dynamic filesystem access causes tracing of the whole project
  239 | ...
  240 | ...nction createAyasApprovalInboxStore(options: AyasApprovalInboxStoreOptions = {}): Ayas...
> 241 | ...oot = path.resolve(options.rootDir ?? path.join(process.cwd(), "data", "brain"));
      |          ^^^^^^^^^^^^^^^^^^^^^^^^^^^^^^^^^^^^^^^^^^^^^^^^^^^^^^^^^^^^^^^^^^^^^^^^^^
  242 | ...equiresOwnerAdmission = options.requireOwnerAdmission === true || root === path.resolv...
  243 | ...ir = path.join(root, "autonomy");
  244 | ...tateFile = path.join(dir, "approval-inbox.json");

Static analysis determined that this filesystem access causes the whole project to be traced and included in the output.
This is usually unintentional and leads to all source files (including the public folder) to be deployed as part of the server code.
This can slow down deployments or lead to failures when size limits are exceeded.
To resolve this, you can
- make sure the path is statically scoped to some subfolder, for example path.join(process.cwd(), 'data', bar), or
- only use them in development, or
- opt out by adding an ignore comment to the highlighted call: path.resolve(/*turbopackIgnore: true*/ ...), or
- remove them.

Import traces:
  Server Component:
    ./src/lib/brain/autonomy/AyasApprovalInboxStore.ts
    ./src/lib/brain/autonomy/AyasDevelopmentCenterReconciliation.ts
    ./src/components/brain/AyasConsolePage.tsx
    ./app/page.tsx

  App Route:
    ./src/lib/brain/autonomy/AyasApprovalInboxStore.ts
    ./src/lib/ayas/execution/AyasSafeExecutors.ts
    ./src/lib/ayas/execution/AyasActionRuntime.ts
    ./src/lib/ayas/AyasProductBrain.ts
    ./app/api/ayas/chat/stream/route.ts


./src/lib/brain/autonomy/AyasAutonomyDaemon.ts:293:27
Warning: Dynamic filesystem access causes tracing of the whole project
  291 | ...  const base = execFileSync("git", ["show", `${proof.baseHead}:${file}`],
  292 | ...    { cwd: repoRoot, encoding: "utf8", windowsHide: true, timeout: 30_000, maxBuffer: ...
> 293 | ...  const applied = fs.readFileSync(path.join(repoRoot, file), "utf8");
      |                      ^^^^^^^^^^^^^^^^^^^^^^^^^^^^^^^^^^^^^^^^^^^^^^^^^^
  294 | ...  if (!verifyAyasExecutedExactPatch(proof, manifest, file, base, applied)
  295 | ...    || JSON.stringify(actual.changedFiles) !== JSON.stringify(proof.exactFiles)) {
  296 | ...    throw new Error("AYAS_EXACT_PATCH_POST_VERIFICATION_FAILED");

Static analysis determined that this filesystem access causes the whole project to be traced and included in the output.
This is usually unintentional and leads to all source files (including the public folder) to be deployed as part of the server code.
This can slow down deployments or lead to failures when size limits are exceeded.
To resolve this, you can
- make sure the path is statically scoped to some subfolder, for example path.join(process.cwd(), 'data', bar), or
- only use them in development, or
- opt out by adding an ignore comment to the highlighted call: fs.readFileSync(/*turbopackIgnore: true*/ ...), or
- remove them.

Import traces:
  App Route:
    ./src/lib/brain/autonomy/AyasAutonomyDaemon.ts
    ./src/lib/ayas/execution/AyasSafeExecutors.ts
    ./src/lib/ayas/execution/AyasActionRuntime.ts
    ./src/lib/ayas/AyasProductBrain.ts
    ./app/api/ayas/chat/stream/route.ts

  Server Component:
    ./src/lib/brain/autonomy/AyasAutonomyDaemon.ts
    ./src/lib/brain/autonomy/AyasProposalExecutionService.ts
    ./app/brain/actions.ts
    ./src/components/brain/AyasConsolePage.tsx
    ./app/brain/page.tsx


./src/lib/brain/autonomy/AyasAutonomyDaemon.ts:293:43
Warning: Dynamic filesystem access causes tracing of the whole project
  291 | ...onst base = execFileSync("git", ["show", `${proof.baseHead}:${file}`],
  292 | ... { cwd: repoRoot, encoding: "utf8", windowsHide: true, timeout: 30_000, maxBuffer: 1_0...
> 293 | ...onst applied = fs.readFileSync(path.join(repoRoot, file), "utf8");
      |                                   ^^^^^^^^^^^^^^^^^^^^^^^^^
  294 | ...f (!verifyAyasExecutedExactPatch(proof, manifest, file, base, applied)
  295 | ... || JSON.stringify(actual.changedFiles) !== JSON.stringify(proof.exactFiles)) {
  296 | ... throw new Error("AYAS_EXACT_PATCH_POST_VERIFICATION_FAILED");

Static analysis determined that this filesystem access causes the whole project to be traced and included in the output.
This is usually unintentional and leads to all source files (including the public folder) to be deployed as part of the server code.
This can slow down deployments or lead to failures when size limits are exceeded.
To resolve this, you can
- make sure the path is statically scoped to some subfolder, for example path.join(process.cwd(), 'data', bar), or
- only use them in development, or
- opt out by adding an ignore comment to the highlighted call: path.join(/*turbopackIgnore: true*/ ...), or
- remove them.

Import traces:
  App Route:
    ./src/lib/brain/autonomy/AyasAutonomyDaemon.ts
    ./src/lib/ayas/execution/AyasSafeExecutors.ts
    ./src/lib/ayas/execution/AyasActionRuntime.ts
    ./src/lib/ayas/AyasProductBrain.ts
    ./app/api/ayas/chat/stream/route.ts

  Server Component:
    ./src/lib/brain/autonomy/AyasAutonomyDaemon.ts
    ./src/lib/brain/autonomy/AyasProposalExecutionService.ts
    ./app/brain/actions.ts
    ./src/components/brain/AyasConsolePage.tsx
    ./app/brain/page.tsx


./src/lib/brain/autonomy/AyasAutonomyDaemon.ts:109:20
Warning: Dynamic filesystem access causes tracing of the whole project
  107 |   const inbox = options.inbox ?? createAyasApprovalInboxStore();
  108 |   const stateFile = options.stateFile ? path.resolve(options.stateFile) : undefined;
> 109 |   const repoRoot = path.resolve(options.repoRoot ?? process.cwd());
      |                    ^^^^^^^^^^^^^^^^^^^^^^^^^^^^^^^^^^^^^^^^^^^^^^^
  110 |   const isolatedGateRoot: AyasIsolatedGateRoot | undefined = options.gateRoot ? createAya...
  111 |   let state: AyasAutonomyDaemonState = initialState(now());
  112 |   if (stateFile && fs.existsSync(stateFile)) {

Static analysis determined that this filesystem access causes the whole project to be traced and included in the output.
This is usually unintentional and leads to all source files (including the public folder) to be deployed as part of the server code.
This can slow down deployments or lead to failures when size limits are exceeded.
To resolve this, you can
- make sure the path is statically scoped to some subfolder, for example path.join(process.cwd(), 'data', bar), or
- only use them in development, or
- opt out by adding an ignore comment to the highlighted call: path.resolve(/*turbopackIgnore: true*/ ...), or
- remove them.

Import traces:
  App Route:
    ./src/lib/brain/autonomy/AyasAutonomyDaemon.ts
    ./src/lib/ayas/execution/AyasSafeExecutors.ts
    ./src/lib/ayas/execution/AyasActionRuntime.ts
    ./src/lib/ayas/AyasProductBrain.ts
    ./app/api/ayas/chat/stream/route.ts

  Server Component:
    ./src/lib/brain/autonomy/AyasAutonomyDaemon.ts
    ./src/lib/brain/autonomy/AyasProposalExecutionService.ts
    ./app/brain/actions.ts
    ./src/components/brain/AyasConsolePage.tsx
    ./app/brain/page.tsx


./src/lib/brain/autonomy/AyasDurableTaskJournal.ts:63:25
Warning: Dynamic filesystem access causes tracing of the whole project
  61 | ...
  62 | ...asDurableTaskJournal(options: AyasDurableTaskJournalOptions = {}): AyasDurableTaskJourn...
> 63 | ...path.resolve(options.rootDir ?? path.join(process.cwd(), "data", "brain", "autonomy")),...
     |    ^^^^^^^^^^^^^^^^^^^^^^^^^^^^^^^^^^^^^^^^^^^^^^^^^^^^^^^^^^^^^^^^^^^^^^^^^^^^^^^^^^^^^^
  64 | ...w ?? (() => new Date());
  65 | ...kId: string): string => {
  66 | ...SK_ID.test(taskId)) fail("AYAS_DURABLE_TASK_CONTRACT_INVALID", "task ID is malformed");

Static analysis determined that this filesystem access causes the whole project to be traced and included in the output.
This is usually unintentional and leads to all source files (including the public folder) to be deployed as part of the server code.
This can slow down deployments or lead to failures when size limits are exceeded.
To resolve this, you can
- make sure the path is statically scoped to some subfolder, for example path.join(process.cwd(), 'data', bar), or
- only use them in development, or
- opt out by adding an ignore comment to the highlighted call: path.resolve(/*turbopackIgnore: true*/ ...), or
- remove them.

Import traces:
  Server Component:
    ./src/lib/brain/autonomy/AyasDurableTaskJournal.ts
    ./src/lib/ayas/observability/AyasReliabilityState.ts
    ./src/lib/ayas/briefing/AyasExecutiveBriefingService.ts
    ./app/brain/briefing/page.tsx

  App Route:
    ./src/lib/brain/autonomy/AyasDurableTaskJournal.ts
    ./src/lib/ayas/execution/AyasSafeExecutors.ts
    ./src/lib/ayas/execution/AyasActionRuntime.ts
    ./src/lib/ayas/AyasProductBrain.ts
    ./app/api/ayas/chat/stream/route.ts


./src/lib/brain/autonomy/AyasExactProposalSafety.ts:82:53
Warning: Dynamic filesystem access causes tracing of the whole project
  80 | ...tPatch(strategy.reviewedExactPatch, file, before, replacement.content)
  81 | ...placement.content) !== proof.afterSha256) return false;
> 82 | ...Source !== false && fs.readFileSync(path.join(root, file), "utf8") !== before) return f...
     |                        ^^^^^^^^^^^^^^^^^^^^^^^^^^^^^^^^^^^^^^^^^^^^^^
  83 | ...l(Buffer.from(proof.digest, "hex"), Buffer.from(artifactProof.digest, "hex"));
  84 | ...
  85 | ...

Static analysis determined that this filesystem access causes the whole project to be traced and included in the output.
This is usually unintentional and leads to all source files (including the public folder) to be deployed as part of the server code.
This can slow down deployments or lead to failures when size limits are exceeded.
To resolve this, you can
- make sure the path is statically scoped to some subfolder, for example path.join(process.cwd(), 'data', bar), or
- only use them in development, or
- opt out by adding an ignore comment to the highlighted call: fs.readFileSync(/*turbopackIgnore: true*/ ...), or
- remove them.

Import traces:
  App Route:
    ./src/lib/brain/autonomy/AyasExactProposalSafety.ts
    ./src/lib/ayas/execution/AyasSafeExecutors.ts
    ./src/lib/ayas/execution/AyasActionRuntime.ts
    ./src/lib/ayas/AyasProductBrain.ts
    ./app/api/ayas/chat/stream/route.ts

  Server Component:
    ./src/lib/brain/autonomy/AyasExactProposalSafety.ts
    ./src/lib/brain/autonomy/AyasAutonomousExecutionGate.ts
    ./app/brain/actions.ts
    ./src/components/brain/AyasConsolePage.tsx
    ./app/brain/page.tsx


./src/lib/brain/autonomy/AyasExactProposalSafety.ts:82:69
Warning: Dynamic filesystem access causes tracing of the whole project
  80 | ...tch(strategy.reviewedExactPatch, file, before, replacement.content)
  81 | ...cement.content) !== proof.afterSha256) return false;
> 82 | ...rce !== false && fs.readFileSync(path.join(root, file), "utf8") !== before) return false;
     |                                     ^^^^^^^^^^^^^^^^^^^^^
  83 | ...uffer.from(proof.digest, "hex"), Buffer.from(artifactProof.digest, "hex"));
  84 | ...
  85 | ...

Static analysis determined that this filesystem access causes the whole project to be traced and included in the output.
This is usually unintentional and leads to all source files (including the public folder) to be deployed as part of the server code.
This can slow down deployments or lead to failures when size limits are exceeded.
To resolve this, you can
- make sure the path is statically scoped to some subfolder, for example path.join(process.cwd(), 'data', bar), or
- only use them in development, or
- opt out by adding an ignore comment to the highlighted call: path.join(/*turbopackIgnore: true*/ ...), or
- remove them.

Import traces:
  App Route:
    ./src/lib/brain/autonomy/AyasExactProposalSafety.ts
    ./src/lib/ayas/execution/AyasSafeExecutors.ts
    ./src/lib/ayas/execution/AyasActionRuntime.ts
    ./src/lib/ayas/AyasProductBrain.ts
    ./app/api/ayas/chat/stream/route.ts

  Server Component:
    ./src/lib/brain/autonomy/AyasExactProposalSafety.ts
    ./src/lib/brain/autonomy/AyasAutonomousExecutionGate.ts
    ./app/brain/actions.ts
    ./src/components/brain/AyasConsolePage.tsx
    ./app/brain/page.tsx


./src/lib/brain/autonomy/AyasExactProposalSafety.ts:25:16
Warning: Dynamic filesystem access causes tracing of the whole project
  23 |     || !proposal.patchArtifactId || !proposal.patchHash || !/^[0-9a-f]{64}$/.test(proposal...
  24 |     || !proposal.exactPatchSafetyProof) return false;
> 25 |   const root = path.resolve(options.repoRoot ?? process.cwd());
     |                ^^^^^^^^^^^^^^^^^^^^^^^^^^^^^^^^^^^^^^^^^^^^^^^
  26 |   const proof = proposal.exactPatchSafetyProof;
  27 |   const registry = AYAS_DEFAULT_IMPROVEMENT_REGISTRY;
  28 |   const strategy = registry.strategies.find((item) => item.strategyId === proof.strategyId...

Static analysis determined that this filesystem access causes the whole project to be traced and included in the output.
This is usually unintentional and leads to all source files (including the public folder) to be deployed as part of the server code.
This can slow down deployments or lead to failures when size limits are exceeded.
To resolve this, you can
- make sure the path is statically scoped to some subfolder, for example path.join(process.cwd(), 'data', bar), or
- only use them in development, or
- opt out by adding an ignore comment to the highlighted call: path.resolve(/*turbopackIgnore: true*/ ...), or
- remove them.

Import traces:
  App Route:
    ./src/lib/brain/autonomy/AyasExactProposalSafety.ts
    ./src/lib/ayas/execution/AyasSafeExecutors.ts
    ./src/lib/ayas/execution/AyasActionRuntime.ts
    ./src/lib/ayas/AyasProductBrain.ts
    ./app/api/ayas/chat/stream/route.ts

  Server Component:
    ./src/lib/brain/autonomy/AyasExactProposalSafety.ts
    ./src/lib/brain/autonomy/AyasAutonomousExecutionGate.ts
    ./app/brain/actions.ts
    ./src/components/brain/AyasConsolePage.tsx
    ./app/brain/page.tsx


./src/lib/brain/autonomy/AyasExecutionJournal.ts:128:16
Warning: Dynamic filesystem access causes tracing of the whole project
  126 | ...
  127 | ...nction createAyasExecutionJournal(options: AyasExecutionJournalOptions = {}): AyasExec...
> 128 | ...oot = path.resolve(options.rootDir ?? path.join(process.cwd(), "data", "brain"));
      |          ^^^^^^^^^^^^^^^^^^^^^^^^^^^^^^^^^^^^^^^^^^^^^^^^^^^^^^^^^^^^^^^^^^^^^^^^^^
  129 | ...ir = path.join(root, "execution", "journal");
  130 | ...
  131 | ...ileFor = (executionId: string): string => path.join(dir, `${executionId}.json`);

Static analysis determined that this filesystem access causes the whole project to be traced and included in the output.
This is usually unintentional and leads to all source files (including the public folder) to be deployed as part of the server code.
This can slow down deployments or lead to failures when size limits are exceeded.
To resolve this, you can
- make sure the path is statically scoped to some subfolder, for example path.join(process.cwd(), 'data', bar), or
- only use them in development, or
- opt out by adding an ignore comment to the highlighted call: path.resolve(/*turbopackIgnore: true*/ ...), or
- remove them.

Import traces:
  #1 [App Route]:
    ./src/lib/brain/autonomy/AyasExecutionJournal.ts
    ./src/lib/ayas/execution/AyasGuidedRepair.ts
    ./src/lib/ayas/execution/AyasDeveloperWorkflowStore.ts
    ./app/api/ayas/chat/stream/route.ts

  #2 [Server Component]:
    ./src/lib/brain/autonomy/AyasExecutionJournal.ts
    ./src/lib/ayas/observability/AyasReliabilityState.ts
    ./src/lib/ayas/briefing/AyasExecutiveBriefingService.ts
    ./app/brain/briefing/page.tsx

  #3 [App Route]:
    ./src/lib/brain/autonomy/AyasExecutionJournal.ts
    ./src/lib/ayas/execution/AyasSafeExecutors.ts
    ./src/lib/ayas/execution/AyasActionRuntime.ts
    ./src/lib/ayas/AyasProductBrain.ts
    ./app/api/ayas/chat/stream/route.ts


./src/lib/brain/autonomy/AyasExternalResearchStore.ts:110:10
Warning: Dynamic filesystem access causes tracing of the whole project
  108 |
  109 |   const listRaw = (): readonly AyasExternalResearchFinding[] => {
> 110 |     if (!fs.existsSync(dir)) return [];
      |          ^^^^^^^^^^^^^^^^^^
  111 |     const out: AyasExternalResearchFinding[] = [];
  112 |     for (const f of fs.readdirSync(dir)) {
  113 |       if (!f.endsWith(".json") || f.startsWith(".")) continue;

Static analysis determined that this filesystem access causes the whole project to be traced and included in the output.
This is usually unintentional and leads to all source files (including the public folder) to be deployed as part of the server code.
This can slow down deployments or lead to failures when size limits are exceeded.
To resolve this, you can
- make sure the path is statically scoped to some subfolder, for example path.join(process.cwd(), 'data', bar), or
- only use them in development, or
- opt out by adding an ignore comment to the highlighted call: fs.existsSync(/*turbopackIgnore: true*/ ...), or
- remove them.

Import traces:
  Server Component:
    ./src/lib/brain/autonomy/AyasExternalResearchStore.ts
    ./src/lib/brain/autonomy/AyasResearchEngineStatusView.ts
    ./src/lib/ayas/briefing/AyasExecutiveBriefingService.ts
    ./app/brain/briefing/page.tsx

  App Route:
    ./src/lib/brain/autonomy/AyasExternalResearchStore.ts
    ./src/lib/ayas/execution/AyasSafeExecutors.ts
    ./src/lib/ayas/execution/AyasActionRuntime.ts
    ./src/lib/ayas/AyasProductBrain.ts
    ./app/api/ayas/chat/stream/route.ts


./src/lib/brain/autonomy/AyasExternalResearchStore.ts:115:35
Warning: Dynamic filesystem access causes tracing of the whole project
  113 | ....endsWith(".json") || f.startsWith(".")) continue;
  114 | ...
> 115 | ...t parsed = JSON.parse(fs.readFileSync(path.join(dir, f), "utf8")) as AyasExternalResea...
      |                          ^^^^^^^^^^^^^^^^^^^^^^^^^^^^^^^^^^^^^^^^^^
  116 | ...parsed && parsed.schemaVersion === ayasExternalResearchSchemaVersion) out.push(parsed);
  117 | ...h { /* a corrupt finding never blocks reading the rest */ }
  118 | ...

Static analysis determined that this filesystem access causes the whole project to be traced and included in the output.
This is usually unintentional and leads to all source files (including the public folder) to be deployed as part of the server code.
This can slow down deployments or lead to failures when size limits are exceeded.
To resolve this, you can
- make sure the path is statically scoped to some subfolder, for example path.join(process.cwd(), 'data', bar), or
- only use them in development, or
- opt out by adding an ignore comment to the highlighted call: fs.readFileSync(/*turbopackIgnore: true*/ ...), or
- remove them.

Import traces:
  Server Component:
    ./src/lib/brain/autonomy/AyasExternalResearchStore.ts
    ./src/lib/brain/autonomy/AyasResearchEngineStatusView.ts
    ./src/lib/ayas/briefing/AyasExecutiveBriefingService.ts
    ./app/brain/briefing/page.tsx

  App Route:
    ./src/lib/brain/autonomy/AyasExternalResearchStore.ts
    ./src/lib/ayas/execution/AyasSafeExecutors.ts
    ./src/lib/ayas/execution/AyasActionRuntime.ts
    ./src/lib/ayas/AyasProductBrain.ts
    ./app/api/ayas/chat/stream/route.ts


./src/lib/brain/autonomy/AyasExternalResearchStore.ts:112:21
Warning: Dynamic filesystem access causes tracing of the whole project
  110 |     if (!fs.existsSync(dir)) return [];
  111 |     const out: AyasExternalResearchFinding[] = [];
> 112 |     for (const f of fs.readdirSync(dir)) {
      |                     ^^^^^^^^^^^^^^^^^^^
  113 |       if (!f.endsWith(".json") || f.startsWith(".")) continue;
  114 |       try {
  115 |         const parsed = JSON.parse(fs.readFileSync(path.join(dir, f), "utf8")) as AyasExte...

Static analysis determined that this filesystem access causes the whole project to be traced and included in the output.
This is usually unintentional and leads to all source files (including the public folder) to be deployed as part of the server code.
This can slow down deployments or lead to failures when size limits are exceeded.
To resolve this, you can
- make sure the path is statically scoped to some subfolder, for example path.join(process.cwd(), 'data', bar), or
- only use them in development, or
- opt out by adding an ignore comment to the highlighted call: fs.readdir(/*turbopackIgnore: true*/ ...), or
- remove them.

Import traces:
  Server Component:
    ./src/lib/brain/autonomy/AyasExternalResearchStore.ts
    ./src/lib/brain/autonomy/AyasResearchEngineStatusView.ts
    ./src/lib/ayas/briefing/AyasExecutiveBriefingService.ts
    ./app/brain/briefing/page.tsx

  App Route:
    ./src/lib/brain/autonomy/AyasExternalResearchStore.ts
    ./src/lib/ayas/execution/AyasSafeExecutors.ts
    ./src/lib/ayas/execution/AyasActionRuntime.ts
    ./src/lib/ayas/AyasProductBrain.ts
    ./app/api/ayas/chat/stream/route.ts


./src/lib/brain/autonomy/AyasExternalResearchStore.ts:115:51
Warning: Dynamic filesystem access causes tracing of the whole project
  113 | ...dsWith(".json") || f.startsWith(".")) continue;
  114 | ...
> 115 | ...arsed = JSON.parse(fs.readFileSync(path.join(dir, f), "utf8")) as AyasExternalResearch...
      |                                       ^^^^^^^^^^^^^^^^^
  116 | ...sed && parsed.schemaVersion === ayasExternalResearchSchemaVersion) out.push(parsed);
  117 | ... /* a corrupt finding never blocks reading the rest */ }
  118 | ...

Static analysis determined that this filesystem access causes the whole project to be traced and included in the output.
This is usually unintentional and leads to all source files (including the public folder) to be deployed as part of the server code.
This can slow down deployments or lead to failures when size limits are exceeded.
To resolve this, you can
- make sure the path is statically scoped to some subfolder, for example path.join(process.cwd(), 'data', bar), or
- only use them in development, or
- opt out by adding an ignore comment to the highlighted call: path.join(/*turbopackIgnore: true*/ ...), or
- remove them.

Import traces:
  Server Component:
    ./src/lib/brain/autonomy/AyasExternalResearchStore.ts
    ./src/lib/brain/autonomy/AyasResearchEngineStatusView.ts
    ./src/lib/ayas/briefing/AyasExecutiveBriefingService.ts
    ./app/brain/briefing/page.tsx

  App Route:
    ./src/lib/brain/autonomy/AyasExternalResearchStore.ts
    ./src/lib/ayas/execution/AyasSafeExecutors.ts
    ./src/lib/ayas/execution/AyasActionRuntime.ts
    ./src/lib/ayas/AyasProductBrain.ts
    ./app/api/ayas/chat/stream/route.ts


./src/lib/brain/autonomy/AyasExternalResearchStore.ts:107:15
Warning: Dynamic filesystem access causes tracing of the whole project
  105 | ...
  106 | ...ternalResearchStore(options: AyasExternalResearchStoreOptions = {}): AyasExternalResea...
> 107 | ...ptions.rootDir ?? path.join(process.cwd(), "data", "brain", "self-improvement", "exter...
      |    ^^^^^^^^^^^^^^^^^^^^^^^^^^^^^^^^^^^^^^^^^^^^^^^^^^^^^^^^^^^^^^^^^^^^^^^^^^^^^^^^^^^^^^^^^
  108 | ...
  109 | ...ly AyasExternalResearchFinding[] => {
  110 | ... return [];

Static analysis determined that this filesystem access causes the whole project to be traced and included in the output.
This is usually unintentional and leads to all source files (including the public folder) to be deployed as part of the server code.
This can slow down deployments or lead to failures when size limits are exceeded.
To resolve this, you can
- make sure the path is statically scoped to some subfolder, for example path.join(process.cwd(), 'data', bar), or
- only use them in development, or
- opt out by adding an ignore comment to the highlighted call: path.resolve(/*turbopackIgnore: true*/ ...), or
- remove them.

Import traces:
  Server Component:
    ./src/lib/brain/autonomy/AyasExternalResearchStore.ts
    ./src/lib/brain/autonomy/AyasResearchEngineStatusView.ts
    ./src/lib/ayas/briefing/AyasExecutiveBriefingService.ts
    ./app/brain/briefing/page.tsx

  App Route:
    ./src/lib/brain/autonomy/AyasExternalResearchStore.ts
    ./src/lib/ayas/execution/AyasSafeExecutors.ts
    ./src/lib/ayas/execution/AyasActionRuntime.ts
    ./src/lib/ayas/AyasProductBrain.ts
    ./app/api/ayas/chat/stream/route.ts


./src/lib/brain/autonomy/AyasGoalStore.ts:133:10
Warning: Dynamic filesystem access causes tracing of the whole project
  131 |
  132 |   const listRaw = (): readonly AyasGoal[] => {
> 133 |     if (!fs.existsSync(dir)) return [];
      |          ^^^^^^^^^^^^^^^^^^
  134 |     return fs.readdirSync(dir).filter((f) => f.endsWith(".json") && !f.startsWith(".")).m...
  135 |   };
  136 |

Static analysis determined that this filesystem access causes the whole project to be traced and included in the output.
This is usually unintentional and leads to all source files (including the public folder) to be deployed as part of the server code.
This can slow down deployments or lead to failures when size limits are exceeded.
To resolve this, you can
- make sure the path is statically scoped to some subfolder, for example path.join(process.cwd(), 'data', bar), or
- only use them in development, or
- opt out by adding an ignore comment to the highlighted call: fs.existsSync(/*turbopackIgnore: true*/ ...), or
- remove them.

Import traces:
  Server Component:
    ./src/lib/brain/autonomy/AyasGoalStore.ts
    ./src/lib/brain/autonomy/AyasGoalDevelopmentView.ts
    ./src/components/brain/AyasConsolePage.tsx
    ./app/brain/page.tsx

  App Route:
    ./src/lib/brain/autonomy/AyasGoalStore.ts
    ./src/lib/ayas/execution/AyasSafeExecutors.ts
    ./src/lib/ayas/execution/AyasActionRuntime.ts
    ./src/lib/ayas/AyasProductBrain.ts
    ./app/api/ayas/chat/stream/route.ts


./src/lib/brain/autonomy/AyasGoalStore.ts:134:12
Warning: Dynamic filesystem access causes tracing of the whole project
  132 |   const listRaw = (): readonly AyasGoal[] => {
  133 |     if (!fs.existsSync(dir)) return [];
> 134 |     return fs.readdirSync(dir).filter((f) => f.endsWith(".json") && !f.startsWith(".")).m...
      |            ^^^^^^^^^^^^^^^^^^^
  135 |   };
  136 |
  137 |   const requireTransition = (goal: AyasGoal, next: AyasGoalStatus): void => {

Static analysis determined that this filesystem access causes the whole project to be traced and included in the output.
This is usually unintentional and leads to all source files (including the public folder) to be deployed as part of the server code.
This can slow down deployments or lead to failures when size limits are exceeded.
To resolve this, you can
- make sure the path is statically scoped to some subfolder, for example path.join(process.cwd(), 'data', bar), or
- only use them in development, or
- opt out by adding an ignore comment to the highlighted call: fs.readdir(/*turbopackIgnore: true*/ ...), or
- remove them.

Import traces:
  Server Component:
    ./src/lib/brain/autonomy/AyasGoalStore.ts
    ./src/lib/brain/autonomy/AyasGoalDevelopmentView.ts
    ./src/components/brain/AyasConsolePage.tsx
    ./app/brain/page.tsx

  App Route:
    ./src/lib/brain/autonomy/AyasGoalStore.ts
    ./src/lib/ayas/execution/AyasSafeExecutors.ts
    ./src/lib/ayas/execution/AyasActionRuntime.ts
    ./src/lib/ayas/AyasProductBrain.ts
    ./app/api/ayas/chat/stream/route.ts


./src/lib/brain/autonomy/AyasGoalStore.ts:104:15
Warning: Dynamic filesystem access causes tracing of the whole project
  102 | ...
  103 | ...AyasGoalStore(options: AyasGoalStoreOptions = {}): AyasGoalStore {
> 104 | ...olve(options.rootDir ?? path.join(process.cwd(), "data", "brain", "self-improvement", ...
      |    ^^^^^^^^^^^^^^^^^^^^^^^^^^^^^^^^^^^^^^^^^^^^^^^^^^^^^^^^^^^^^^^^^^^^^^^^^^^^^^^^^^^^^^^^^
  105 | ... string) => path.join(dir, `${id}.json`);
  106 | ...
  107 | ...(goal: AyasGoal): void => {

Static analysis determined that this filesystem access causes the whole project to be traced and included in the output.
This is usually unintentional and leads to all source files (including the public folder) to be deployed as part of the server code.
This can slow down deployments or lead to failures when size limits are exceeded.
To resolve this, you can
- make sure the path is statically scoped to some subfolder, for example path.join(process.cwd(), 'data', bar), or
- only use them in development, or
- opt out by adding an ignore comment to the highlighted call: path.resolve(/*turbopackIgnore: true*/ ...), or
- remove them.

Import traces:
  Server Component:
    ./src/lib/brain/autonomy/AyasGoalStore.ts
    ./src/lib/brain/autonomy/AyasGoalDevelopmentView.ts
    ./src/components/brain/AyasConsolePage.tsx
    ./app/brain/page.tsx

  App Route:
    ./src/lib/brain/autonomy/AyasGoalStore.ts
    ./src/lib/ayas/execution/AyasSafeExecutors.ts
    ./src/lib/ayas/execution/AyasActionRuntime.ts
    ./src/lib/ayas/AyasProductBrain.ts
    ./app/api/ayas/chat/stream/route.ts


./src/lib/brain/autonomy/AyasGraphifyEvidenceStore.ts:66:10
Warning: Dynamic filesystem access causes tracing of the whole project
  64 |
  65 |   const listRaw = (): readonly AyasGraphifyEvidenceRecord[] => {
> 66 |     if (!fs.existsSync(dir)) return [];
     |          ^^^^^^^^^^^^^^^^^^
  67 |     const out: AyasGraphifyEvidenceRecord[] = [];
  68 |     for (const f of fs.readdirSync(dir)) {
  69 |       if (!f.endsWith(".json") || f.startsWith(".")) continue;

Static analysis determined that this filesystem access causes the whole project to be traced and included in the output.
This is usually unintentional and leads to all source files (including the public folder) to be deployed as part of the server code.
This can slow down deployments or lead to failures when size limits are exceeded.
To resolve this, you can
- make sure the path is statically scoped to some subfolder, for example path.join(process.cwd(), 'data', bar), or
- only use them in development, or
- opt out by adding an ignore comment to the highlighted call: fs.existsSync(/*turbopackIgnore: true*/ ...), or
- remove them.

Import traces:
  App Route:
    ./src/lib/brain/autonomy/AyasGraphifyEvidenceStore.ts
    ./src/lib/ayas/execution/AyasSafeExecutors.ts
    ./src/lib/ayas/execution/AyasActionRuntime.ts
    ./src/lib/ayas/AyasProductBrain.ts
    ./app/api/ayas/chat/stream/route.ts

  Server Component:
    ./src/lib/brain/autonomy/AyasGraphifyEvidenceStore.ts
    ./src/lib/brain/autonomy/AyasProposalApprovalService.ts
    ./app/brain/actions.ts
    ./src/components/brain/AyasConsolePage.tsx
    ./app/brain/page.tsx


./src/lib/brain/autonomy/AyasGraphifyEvidenceStore.ts:71:35
Warning: Dynamic filesystem access causes tracing of the whole project
  69 | ....endsWith(".json") || f.startsWith(".")) continue;
  70 | ...
> 71 | ...t parsed = JSON.parse(fs.readFileSync(path.join(dir, f), "utf8")) as AyasGraphifyEviden...
     |                          ^^^^^^^^^^^^^^^^^^^^^^^^^^^^^^^^^^^^^^^^^^
  72 | ...parsed && parsed.schemaVersion === ayasGraphifyEvidenceSchemaVersion) out.push(parsed);
  73 | ...h { /* a corrupt evidence file never blocks reading the rest — this store is evidence, ...
  74 | ...

Static analysis determined that this filesystem access causes the whole project to be traced and included in the output.
This is usually unintentional and leads to all source files (including the public folder) to be deployed as part of the server code.
This can slow down deployments or lead to failures when size limits are exceeded.
To resolve this, you can
- make sure the path is statically scoped to some subfolder, for example path.join(process.cwd(), 'data', bar), or
- only use them in development, or
- opt out by adding an ignore comment to the highlighted call: fs.readFileSync(/*turbopackIgnore: true*/ ...), or
- remove them.

Import traces:
  App Route:
    ./src/lib/brain/autonomy/AyasGraphifyEvidenceStore.ts
    ./src/lib/ayas/execution/AyasSafeExecutors.ts
    ./src/lib/ayas/execution/AyasActionRuntime.ts
    ./src/lib/ayas/AyasProductBrain.ts
    ./app/api/ayas/chat/stream/route.ts

  Server Component:
    ./src/lib/brain/autonomy/AyasGraphifyEvidenceStore.ts
    ./src/lib/brain/autonomy/AyasProposalApprovalService.ts
    ./app/brain/actions.ts
    ./src/components/brain/AyasConsolePage.tsx
    ./app/brain/page.tsx


./src/lib/brain/autonomy/AyasGraphifyEvidenceStore.ts:68:21
Warning: Dynamic filesystem access causes tracing of the whole project
  66 |     if (!fs.existsSync(dir)) return [];
  67 |     const out: AyasGraphifyEvidenceRecord[] = [];
> 68 |     for (const f of fs.readdirSync(dir)) {
     |                     ^^^^^^^^^^^^^^^^^^^
  69 |       if (!f.endsWith(".json") || f.startsWith(".")) continue;
  70 |       try {
  71 |         const parsed = JSON.parse(fs.readFileSync(path.join(dir, f), "utf8")) as AyasGraph...

Static analysis determined that this filesystem access causes the whole project to be traced and included in the output.
This is usually unintentional and leads to all source files (including the public folder) to be deployed as part of the server code.
This can slow down deployments or lead to failures when size limits are exceeded.
To resolve this, you can
- make sure the path is statically scoped to some subfolder, for example path.join(process.cwd(), 'data', bar), or
- only use them in development, or
- opt out by adding an ignore comment to the highlighted call: fs.readdir(/*turbopackIgnore: true*/ ...), or
- remove them.

Import traces:
  App Route:
    ./src/lib/brain/autonomy/AyasGraphifyEvidenceStore.ts
    ./src/lib/ayas/execution/AyasSafeExecutors.ts
    ./src/lib/ayas/execution/AyasActionRuntime.ts
    ./src/lib/ayas/AyasProductBrain.ts
    ./app/api/ayas/chat/stream/route.ts

  Server Component:
    ./src/lib/brain/autonomy/AyasGraphifyEvidenceStore.ts
    ./src/lib/brain/autonomy/AyasProposalApprovalService.ts
    ./app/brain/actions.ts
    ./src/components/brain/AyasConsolePage.tsx
    ./app/brain/page.tsx


./src/lib/brain/autonomy/AyasGraphifyEvidenceStore.ts:71:51
Warning: Dynamic filesystem access causes tracing of the whole project
  69 | ...dsWith(".json") || f.startsWith(".")) continue;
  70 | ...
> 71 | ...arsed = JSON.parse(fs.readFileSync(path.join(dir, f), "utf8")) as AyasGraphifyEvidenceR...
     |                                       ^^^^^^^^^^^^^^^^^
  72 | ...sed && parsed.schemaVersion === ayasGraphifyEvidenceSchemaVersion) out.push(parsed);
  73 | ... /* a corrupt evidence file never blocks reading the rest — this store is evidence, not...
  74 | ...

Static analysis determined that this filesystem access causes the whole project to be traced and included in the output.
This is usually unintentional and leads to all source files (including the public folder) to be deployed as part of the server code.
This can slow down deployments or lead to failures when size limits are exceeded.
To resolve this, you can
- make sure the path is statically scoped to some subfolder, for example path.join(process.cwd(), 'data', bar), or
- only use them in development, or
- opt out by adding an ignore comment to the highlighted call: path.join(/*turbopackIgnore: true*/ ...), or
- remove them.

Import traces:
  App Route:
    ./src/lib/brain/autonomy/AyasGraphifyEvidenceStore.ts
    ./src/lib/ayas/execution/AyasSafeExecutors.ts
    ./src/lib/ayas/execution/AyasActionRuntime.ts
    ./src/lib/ayas/AyasProductBrain.ts
    ./app/api/ayas/chat/stream/route.ts

  Server Component:
    ./src/lib/brain/autonomy/AyasGraphifyEvidenceStore.ts
    ./src/lib/brain/autonomy/AyasProposalApprovalService.ts
    ./app/brain/actions.ts
    ./src/components/brain/AyasConsolePage.tsx
    ./app/brain/page.tsx


./src/lib/brain/autonomy/AyasGraphifyEvidenceStore.ts:63:15
Warning: Dynamic filesystem access causes tracing of the whole project
  61 | ...
  62 | ...aphifyEvidenceStore(options: AyasGraphifyEvidenceStoreOptions = {}): AyasGraphifyEviden...
> 63 | ...ptions.rootDir ?? path.join(process.cwd(), "data", "brain", "self-improvement", "graphi...
     |    ^^^^^^^^^^^^^^^^^^^^^^^^^^^^^^^^^^^^^^^^^^^^^^^^^^^^^^^^^^^^^^^^^^^^^^^^^^^^^^^^^^^^^^^^^^
  64 | ...
  65 | ...ly AyasGraphifyEvidenceRecord[] => {
  66 | ... return [];

Static analysis determined that this filesystem access causes the whole project to be traced and included in the output.
This is usually unintentional and leads to all source files (including the public folder) to be deployed as part of the server code.
This can slow down deployments or lead to failures when size limits are exceeded.
To resolve this, you can
- make sure the path is statically scoped to some subfolder, for example path.join(process.cwd(), 'data', bar), or
- only use them in development, or
- opt out by adding an ignore comment to the highlighted call: path.resolve(/*turbopackIgnore: true*/ ...), or
- remove them.

Import traces:
  App Route:
    ./src/lib/brain/autonomy/AyasGraphifyEvidenceStore.ts
    ./src/lib/ayas/execution/AyasSafeExecutors.ts
    ./src/lib/ayas/execution/AyasActionRuntime.ts
    ./src/lib/ayas/AyasProductBrain.ts
    ./app/api/ayas/chat/stream/route.ts

  Server Component:
    ./src/lib/brain/autonomy/AyasGraphifyEvidenceStore.ts
    ./src/lib/brain/autonomy/AyasProposalApprovalService.ts
    ./app/brain/actions.ts
    ./src/components/brain/AyasConsolePage.tsx
    ./app/brain/page.tsx


./src/lib/brain/autonomy/AyasLocalDiscoveryRunLedger.ts:77:15
Warning: Dynamic filesystem access causes tracing of the whole project
  75 | ...
  76 | ...ocalDiscoveryRunLedger(options: AyasLocalDiscoveryRunLedgerOptions = {}): AyasLocalDisc...
> 77 | ...options.rootDir ?? path.join(process.cwd(), "data", "brain", "self-improvement", "disco...
     |    ^^^^^^^^^^^^^^^^^^^^^^^^^^^^^^^^^^^^^^^^^^^^^^^^^^^^^^^^^^^^^^^^^^^^^^^^^^^^^^^^^^^^^^^^^^
  78 | ...in(dir, "ledger.json");
  79 | ...
  80 | ...lDiscoveryRunLedgerState => {

Static analysis determined that this filesystem access causes the whole project to be traced and included in the output.
This is usually unintentional and leads to all source files (including the public folder) to be deployed as part of the server code.
This can slow down deployments or lead to failures when size limits are exceeded.
To resolve this, you can
- make sure the path is statically scoped to some subfolder, for example path.join(process.cwd(), 'data', bar), or
- only use them in development, or
- opt out by adding an ignore comment to the highlighted call: path.resolve(/*turbopackIgnore: true*/ ...), or
- remove them.

Import traces:
  Server Component:
    ./src/lib/brain/autonomy/AyasLocalDiscoveryRunLedger.ts
    ./src/lib/brain/autonomy/AyasResearchEngineStatusView.ts
    ./src/lib/ayas/briefing/AyasExecutiveBriefingService.ts
    ./app/brain/briefing/page.tsx

  App Route:
    ./src/lib/brain/autonomy/AyasLocalDiscoveryRunLedger.ts
    ./src/lib/ayas/execution/AyasSafeExecutors.ts
    ./src/lib/ayas/execution/AyasActionRuntime.ts
    ./src/lib/ayas/AyasProductBrain.ts
    ./app/api/ayas/chat/stream/route.ts


./src/lib/brain/autonomy/AyasMicroBatch.ts:143:16
Warning: Dynamic filesystem access causes tracing of the whole project
  141 | ...
  142 | ...nction createAyasMicroBatchStore(options: AyasMicroBatchStoreOptions = {}): AyasMicroB...
> 143 | ...oot = path.resolve(options.rootDir ?? path.join(process.cwd(), "data", "brain"));
      |          ^^^^^^^^^^^^^^^^^^^^^^^^^^^^^^^^^^^^^^^^^^^^^^^^^^^^^^^^^^^^^^^^^^^^^^^^^^
  144 | ...equiresOwnerAdmission = options.requireOwnerAdmission === true || root === path.resolv...
  145 | ...ir = path.join(root, "autonomy");
  146 | ...tateFile = path.join(dir, "micro-batch-inbox.json");

Static analysis determined that this filesystem access causes the whole project to be traced and included in the output.
This is usually unintentional and leads to all source files (including the public folder) to be deployed as part of the server code.
This can slow down deployments or lead to failures when size limits are exceeded.
To resolve this, you can
- make sure the path is statically scoped to some subfolder, for example path.join(process.cwd(), 'data', bar), or
- only use them in development, or
- opt out by adding an ignore comment to the highlighted call: path.resolve(/*turbopackIgnore: true*/ ...), or
- remove them.

Import traces:
  Server Component:
    ./src/lib/brain/autonomy/AyasMicroBatch.ts
    ./app/brain/actions.ts
    ./src/components/brain/AyasConsolePage.tsx
    ./app/brain/page.tsx

  App Route:
    ./src/lib/brain/autonomy/AyasMicroBatch.ts
    ./src/lib/ayas/execution/AyasSafeExecutors.ts
    ./src/lib/ayas/execution/AyasActionRuntime.ts
    ./src/lib/ayas/AyasProductBrain.ts
    ./app/api/ayas/chat/stream/route.ts


./src/lib/brain/autonomy/AyasMicroBatchReader.ts:83:16
Warning: Dynamic filesystem access causes tracing of the whole project
  81 | ...
  82 | ...nction readAyasMicroBatchState(options: AyasMicroBatchReaderOptions = {}): AyasMicroBat...
> 83 | ...oot = path.resolve(options.rootDir ?? path.join(process.cwd(), "data", "brain"));
     |          ^^^^^^^^^^^^^^^^^^^^^^^^^^^^^^^^^^^^^^^^^^^^^^^^^^^^^^^^^^^^^^^^^^^^^^^^^^
  84 | ...tateFile = path.join(root, "autonomy", "micro-batch-inbox.json");
  85 | ....existsSync(stateFile)) return { batches: [], decisions: [], results: [] };
  86 | ...

Static analysis determined that this filesystem access causes the whole project to be traced and included in the output.
This is usually unintentional and leads to all source files (including the public folder) to be deployed as part of the server code.
This can slow down deployments or lead to failures when size limits are exceeded.
To resolve this, you can
- make sure the path is statically scoped to some subfolder, for example path.join(process.cwd(), 'data', bar), or
- only use them in development, or
- opt out by adding an ignore comment to the highlighted call: path.resolve(/*turbopackIgnore: true*/ ...), or
- remove them.

Import traces:
  #1 [Server Component]:
    ./src/lib/brain/autonomy/AyasMicroBatchReader.ts
    ./src/lib/brain/autonomy/AyasMicroBatchDevelopmentView.ts
    ./src/components/brain/AyasConsolePage.tsx
    ./app/page.tsx

  #2 [App Route]:
    ./src/lib/brain/autonomy/AyasMicroBatchReader.ts
    ./src/lib/ayas/execution/AyasSafeExecutors.ts
    ./src/lib/ayas/execution/AyasActionRuntime.ts
    ./src/lib/ayas/AyasProductBrain.ts
    ./app/api/ayas/chat/stream/route.ts

  #3 [App Route]:
    ./src/lib/brain/autonomy/AyasMicroBatchReader.ts
    ./src/lib/ayas/execution/AyasDevelopmentStatus.ts
    ./src/lib/ayas/execution/AyasSafeExecutors.ts
    ./src/lib/ayas/execution/AyasActionRuntime.ts
    ./src/lib/ayas/execution/AyasGuidedRepairProduction.ts
    ./app/api/ayas/chat/stream/route.ts


./src/lib/brain/autonomy/AyasMicroItem.ts:109:10
Warning: Dynamic filesystem access causes tracing of the whole project
  107 |
  108 |   const listRaw = (): readonly AyasMicroItem[] => {
> 109 |     if (!fs.existsSync(dir)) return [];
      |          ^^^^^^^^^^^^^^^^^^
  110 |     return fs.readdirSync(dir).filter((f) => f.endsWith(".json") && !f.startsWith(".")).m...
  111 |   };
  112 |

Static analysis determined that this filesystem access causes the whole project to be traced and included in the output.
This is usually unintentional and leads to all source files (including the public folder) to be deployed as part of the server code.
This can slow down deployments or lead to failures when size limits are exceeded.
To resolve this, you can
- make sure the path is statically scoped to some subfolder, for example path.join(process.cwd(), 'data', bar), or
- only use them in development, or
- opt out by adding an ignore comment to the highlighted call: fs.existsSync(/*turbopackIgnore: true*/ ...), or
- remove them.

Import traces:
  Server Component:
    ./src/lib/brain/autonomy/AyasMicroItem.ts
    ./src/lib/brain/autonomy/AyasDevelopmentCenterReconciliation.ts
    ./src/components/brain/AyasConsolePage.tsx
    ./app/brain/page.tsx

  App Route:
    ./src/lib/brain/autonomy/AyasMicroItem.ts
    ./src/lib/ayas/execution/AyasSafeExecutors.ts
    ./src/lib/ayas/execution/AyasActionRuntime.ts
    ./src/lib/ayas/AyasProductBrain.ts
    ./app/api/ayas/chat/stream/route.ts


./src/lib/brain/autonomy/AyasMicroItem.ts:110:12
Warning: Dynamic filesystem access causes tracing of the whole project
  108 |   const listRaw = (): readonly AyasMicroItem[] => {
  109 |     if (!fs.existsSync(dir)) return [];
> 110 |     return fs.readdirSync(dir).filter((f) => f.endsWith(".json") && !f.startsWith(".")).m...
      |            ^^^^^^^^^^^^^^^^^^^
  111 |   };
  112 |
  113 |   return {

Static analysis determined that this filesystem access causes the whole project to be traced and included in the output.
This is usually unintentional and leads to all source files (including the public folder) to be deployed as part of the server code.
This can slow down deployments or lead to failures when size limits are exceeded.
To resolve this, you can
- make sure the path is statically scoped to some subfolder, for example path.join(process.cwd(), 'data', bar), or
- only use them in development, or
- opt out by adding an ignore comment to the highlighted call: fs.readdir(/*turbopackIgnore: true*/ ...), or
- remove them.

Import traces:
  Server Component:
    ./src/lib/brain/autonomy/AyasMicroItem.ts
    ./src/lib/brain/autonomy/AyasDevelopmentCenterReconciliation.ts
    ./src/components/brain/AyasConsolePage.tsx
    ./app/brain/page.tsx

  App Route:
    ./src/lib/brain/autonomy/AyasMicroItem.ts
    ./src/lib/ayas/execution/AyasSafeExecutors.ts
    ./src/lib/ayas/execution/AyasActionRuntime.ts
    ./src/lib/ayas/AyasProductBrain.ts
    ./app/api/ayas/chat/stream/route.ts


./src/lib/brain/autonomy/AyasMicroItem.ts:80:15
Warning: Dynamic filesystem access causes tracing of the whole project
  78 | ...
  79 | ...sMicroItemStore(options: AyasMicroItemStoreOptions = {}): AyasMicroItemStore {
> 80 | ...e(options.rootDir ?? path.join(process.cwd(), "data", "brain", "self-improvement", "mic...
     |    ^^^^^^^^^^^^^^^^^^^^^^^^^^^^^^^^^^^^^^^^^^^^^^^^^^^^^^^^^^^^^^^^^^^^^^^^^^^^^^^^^^^^^^^^^^
  81 | ...ring) => path.join(dir, `${id}.json`);
  82 | ...
  83 | ...em: AyasMicroItem): void => {

Static analysis determined that this filesystem access causes the whole project to be traced and included in the output.
This is usually unintentional and leads to all source files (including the public folder) to be deployed as part of the server code.
This can slow down deployments or lead to failures when size limits are exceeded.
To resolve this, you can
- make sure the path is statically scoped to some subfolder, for example path.join(process.cwd(), 'data', bar), or
- only use them in development, or
- opt out by adding an ignore comment to the highlighted call: path.resolve(/*turbopackIgnore: true*/ ...), or
- remove them.

Import traces:
  Server Component:
    ./src/lib/brain/autonomy/AyasMicroItem.ts
    ./src/lib/brain/autonomy/AyasDevelopmentCenterReconciliation.ts
    ./src/components/brain/AyasConsolePage.tsx
    ./app/brain/page.tsx

  App Route:
    ./src/lib/brain/autonomy/AyasMicroItem.ts
    ./src/lib/ayas/execution/AyasSafeExecutors.ts
    ./src/lib/ayas/execution/AyasActionRuntime.ts
    ./src/lib/ayas/AyasProductBrain.ts
    ./app/api/ayas/chat/stream/route.ts


./src/lib/brain/autonomy/AyasPatchArtifact.ts:133:15
Warning: Dynamic filesystem access causes tracing of the whole project
  131 | ...
  132 | ...atchArtifactStore(options: AyasPatchArtifactStoreOptions = {}): AyasPatchArtifactStore {
> 133 | ...options.rootDir ?? path.join(process.cwd(), "data", "brain", "self-improvement", "patc...
      |    ^^^^^^^^^^^^^^^^^^^^^^^^^^^^^^^^^^^^^^^^^^^^^^^^^^^^^^^^^^^^^^^^^^^^^^^^^^^^^^^^^^^^^^^^^
  134 | ...
  135 | ...Id: string): string => path.join(dir, `${artifactId}.json`);
  136 | ...

Static analysis determined that this filesystem access causes the whole project to be traced and included in the output.
This is usually unintentional and leads to all source files (including the public folder) to be deployed as part of the server code.
This can slow down deployments or lead to failures when size limits are exceeded.
To resolve this, you can
- make sure the path is statically scoped to some subfolder, for example path.join(process.cwd(), 'data', bar), or
- only use them in development, or
- opt out by adding an ignore comment to the highlighted call: path.resolve(/*turbopackIgnore: true*/ ...), or
- remove them.

Import traces:
  #1 [Server Component]:
    ./src/lib/brain/autonomy/AyasPatchArtifact.ts
    ./src/lib/brain/autonomy/AyasMicroBatchDevelopmentView.ts
    ./src/components/brain/AyasConsolePage.tsx
    ./app/page.tsx

  #2 [App Route]:
    ./src/lib/brain/autonomy/AyasPatchArtifact.ts
    ./src/lib/ayas/execution/AyasSafeExecutors.ts
    ./src/lib/ayas/execution/AyasActionRuntime.ts
    ./src/lib/ayas/AyasProductBrain.ts
    ./app/api/ayas/chat/stream/route.ts

  #3 [App Route]:
    ./src/lib/brain/autonomy/AyasPatchArtifact.ts
    ./src/lib/brain/autonomy/AyasMicroBatchDevelopmentView.ts
    ./src/lib/ayas/execution/AyasDevelopmentStatus.ts
    ./src/lib/ayas/execution/AyasSafeExecutors.ts
    ./src/lib/ayas/execution/AyasActionRuntime.ts
    ./src/lib/ayas/execution/AyasGuidedRepairProduction.ts
    ./app/api/ayas/chat/stream/route.ts


./src/lib/brain/autonomy/AyasPostPublicationClosure.ts:61:5
Warning: Dynamic filesystem access causes tracing of the whole project
  59 |       ? [process.env.ComSpec ?? path.join(process.env.SystemRoot ?? "C:\\Windows", "System...
  60 |       : ["npx", graphifyArgs] as const;
> 61 |     execFileSync(command[0], command[1], {
     |     ^^^^^^^^^^^^^^^^^^^^^^^^^^^^^^^^^^^^^
> 62 |       cwd: repoRoot, encoding: "utf8", windowsHide: true, timeout: 300_000,
     | ^^^^^^^^^^^^^^^^^^^^^^^^^^^^^^^^^^^^^^^^^^^^^^^^^^^^^^^^^^^^^^^^^^^^^^^^^^^
> 63 |     });
     | ^^^^^^
  64 |   } catch (error) {
  65 |     throw new AyasPostPublicationClosureError("AYAS_POST_PUBLICATION_GRAPHIFY_REFRESH_FAIL...
  66 |   }

Static analysis determined that this filesystem access causes the whole project to be traced and included in the output.
This is usually unintentional and leads to all source files (including the public folder) to be deployed as part of the server code.
This can slow down deployments or lead to failures when size limits are exceeded.
To resolve this, you can
- make sure the path is statically scoped to some subfolder, for example path.join(process.cwd(), 'data', bar), or
- only use them in development, or
- opt out by adding an ignore comment to the highlighted call: child_process.execFileSync(/*turbopackIgnore: true*/ ...), or
- remove them.

Import traces:
  App Route:
    ./src/lib/brain/autonomy/AyasPostPublicationClosure.ts
    ./src/lib/ayas/execution/AyasSafeExecutors.ts
    ./src/lib/ayas/execution/AyasActionRuntime.ts
    ./src/lib/ayas/AyasProductBrain.ts
    ./app/api/ayas/chat/stream/route.ts

  Server Component:
    ./src/lib/brain/autonomy/AyasPostPublicationClosure.ts
    ./src/lib/brain/autonomy/AyasProposalApprovalService.ts
    ./app/brain/actions.ts
    ./src/components/brain/AyasConsolePage.tsx
    ./app/brain/page.tsx


./src/lib/brain/autonomy/AyasResearchExperimentStore.ts:249:15
Warning: Dynamic filesystem access causes tracing of the whole project
  247 | ...
  248 | ...t function createAyasResearchExperimentStore(options: AyasResearchExperimentStoreOptio...
> 249 | ...st dir = path.resolve(options.rootDir ?? resolveAyasResearchImprovementRoot());
      |             ^^^^^^^^^^^^^^^^^^^^^^^^^^^^^^^^^^^^^^^^^^^^^^^^^^^^^^^^^^^^^^^^^^^^^
  250 | ...st indexFile = path.join(dir, "index.json");
  251 | ...st experimentsDir = path.join(dir, "experiments");
  252 | ...st evidenceDir = path.join(dir, "evidence");

Static analysis determined that this filesystem access causes the whole project to be traced and included in the output.
This is usually unintentional and leads to all source files (including the public folder) to be deployed as part of the server code.
This can slow down deployments or lead to failures when size limits are exceeded.
To resolve this, you can
- make sure the path is statically scoped to some subfolder, for example path.join(process.cwd(), 'data', bar), or
- only use them in development, or
- opt out by adding an ignore comment to the highlighted call: path.resolve(/*turbopackIgnore: true*/ ...), or
- remove them.

Import traces:
  Server Component:
    ./src/lib/brain/autonomy/AyasResearchExperimentStore.ts
    ./src/lib/brain/ui/AyasControlCenterCollector.ts
    ./src/components/brain/AyasConsolePage.tsx
    ./app/page.tsx

  App Route:
    ./src/lib/brain/autonomy/AyasResearchExperimentStore.ts
    ./src/lib/ayas/execution/AyasSafeExecutors.ts
    ./src/lib/ayas/execution/AyasActionRuntime.ts
    ./src/lib/ayas/AyasProductBrain.ts
    ./app/api/ayas/chat/stream/route.ts


./src/lib/brain/autonomy/AyasResearchNoveltyStore.ts:190:12
Warning: Dynamic filesystem access causes tracing of the whole project
  188 |     },
  189 |     list() {
> 190 |       if (!fs.existsSync(dir)) return [];
      |            ^^^^^^^^^^^^^^^^^^
  191 |       const out: AyasResearchSeenItem[] = [];
  192 |       for (const f of fs.readdirSync(dir)) {
  193 |         if (!f.endsWith(".json") || f.startsWith(".")) continue;

Static analysis determined that this filesystem access causes the whole project to be traced and included in the output.
This is usually unintentional and leads to all source files (including the public folder) to be deployed as part of the server code.
This can slow down deployments or lead to failures when size limits are exceeded.
To resolve this, you can
- make sure the path is statically scoped to some subfolder, for example path.join(process.cwd(), 'data', bar), or
- only use them in development, or
- opt out by adding an ignore comment to the highlighted call: fs.existsSync(/*turbopackIgnore: true*/ ...), or
- remove them.

Import traces:
  App Route:
    ./src/lib/brain/autonomy/AyasResearchNoveltyStore.ts
    ./src/lib/ayas/execution/AyasSafeExecutors.ts
    ./src/lib/ayas/execution/AyasActionRuntime.ts
    ./src/lib/ayas/AyasProductBrain.ts
    ./app/api/ayas/chat/stream/route.ts

  Server Component:
    ./src/lib/brain/autonomy/AyasResearchNoveltyStore.ts
    ./src/lib/brain/autonomy/AyasGoalResearchSchedule.ts
    ./app/brain/actions.ts
    ./src/components/brain/AyasConsolePage.tsx
    ./app/page.tsx


./src/lib/brain/autonomy/AyasResearchNoveltyStore.ts:195:37
Warning: Dynamic filesystem access causes tracing of the whole project
  193 | ....endsWith(".json") || f.startsWith(".")) continue;
  194 | ...
> 195 | ...t parsed = JSON.parse(fs.readFileSync(path.join(dir, f), "utf8")) as AyasResearchSeenI...
      |                          ^^^^^^^^^^^^^^^^^^^^^^^^^^^^^^^^^^^^^^^^^^
  196 | ...parsed?.schemaVersion === ayasResearchNoveltySchemaVersion) out.push(parsed);
  197 | ...h { /* a corrupt record never blocks reading the rest */ }
  198 | ...

Static analysis determined that this filesystem access causes the whole project to be traced and included in the output.
This is usually unintentional and leads to all source files (including the public folder) to be deployed as part of the server code.
This can slow down deployments or lead to failures when size limits are exceeded.
To resolve this, you can
- make sure the path is statically scoped to some subfolder, for example path.join(process.cwd(), 'data', bar), or
- only use them in development, or
- opt out by adding an ignore comment to the highlighted call: fs.readFileSync(/*turbopackIgnore: true*/ ...), or
- remove them.

Import traces:
  App Route:
    ./src/lib/brain/autonomy/AyasResearchNoveltyStore.ts
    ./src/lib/ayas/execution/AyasSafeExecutors.ts
    ./src/lib/ayas/execution/AyasActionRuntime.ts
    ./src/lib/ayas/AyasProductBrain.ts
    ./app/api/ayas/chat/stream/route.ts

  Server Component:
    ./src/lib/brain/autonomy/AyasResearchNoveltyStore.ts
    ./src/lib/brain/autonomy/AyasGoalResearchSchedule.ts
    ./app/brain/actions.ts
    ./src/components/brain/AyasConsolePage.tsx
    ./app/page.tsx


./src/lib/brain/autonomy/AyasResearchNoveltyStore.ts:192:23
Warning: Dynamic filesystem access causes tracing of the whole project
  190 |       if (!fs.existsSync(dir)) return [];
  191 |       const out: AyasResearchSeenItem[] = [];
> 192 |       for (const f of fs.readdirSync(dir)) {
      |                       ^^^^^^^^^^^^^^^^^^^
  193 |         if (!f.endsWith(".json") || f.startsWith(".")) continue;
  194 |         try {
  195 |           const parsed = JSON.parse(fs.readFileSync(path.join(dir, f), "utf8")) as AyasRe...

Static analysis determined that this filesystem access causes the whole project to be traced and included in the output.
This is usually unintentional and leads to all source files (including the public folder) to be deployed as part of the server code.
This can slow down deployments or lead to failures when size limits are exceeded.
To resolve this, you can
- make sure the path is statically scoped to some subfolder, for example path.join(process.cwd(), 'data', bar), or
- only use them in development, or
- opt out by adding an ignore comment to the highlighted call: fs.readdir(/*turbopackIgnore: true*/ ...), or
- remove them.

Import traces:
  App Route:
    ./src/lib/brain/autonomy/AyasResearchNoveltyStore.ts
    ./src/lib/ayas/execution/AyasSafeExecutors.ts
    ./src/lib/ayas/execution/AyasActionRuntime.ts
    ./src/lib/ayas/AyasProductBrain.ts
    ./app/api/ayas/chat/stream/route.ts

  Server Component:
    ./src/lib/brain/autonomy/AyasResearchNoveltyStore.ts
    ./src/lib/brain/autonomy/AyasGoalResearchSchedule.ts
    ./app/brain/actions.ts
    ./src/components/brain/AyasConsolePage.tsx
    ./app/page.tsx


./src/lib/brain/autonomy/AyasResearchNoveltyStore.ts:195:53
Warning: Dynamic filesystem access causes tracing of the whole project
  193 | ...dsWith(".json") || f.startsWith(".")) continue;
  194 | ...
> 195 | ...arsed = JSON.parse(fs.readFileSync(path.join(dir, f), "utf8")) as AyasResearchSeenItem;
      |                                       ^^^^^^^^^^^^^^^^^
  196 | ...sed?.schemaVersion === ayasResearchNoveltySchemaVersion) out.push(parsed);
  197 | ... /* a corrupt record never blocks reading the rest */ }
  198 | ...

Static analysis determined that this filesystem access causes the whole project to be traced and included in the output.
This is usually unintentional and leads to all source files (including the public folder) to be deployed as part of the server code.
This can slow down deployments or lead to failures when size limits are exceeded.
To resolve this, you can
- make sure the path is statically scoped to some subfolder, for example path.join(process.cwd(), 'data', bar), or
- only use them in development, or
- opt out by adding an ignore comment to the highlighted call: path.join(/*turbopackIgnore: true*/ ...), or
- remove them.

Import traces:
  App Route:
    ./src/lib/brain/autonomy/AyasResearchNoveltyStore.ts
    ./src/lib/ayas/execution/AyasSafeExecutors.ts
    ./src/lib/ayas/execution/AyasActionRuntime.ts
    ./src/lib/ayas/AyasProductBrain.ts
    ./app/api/ayas/chat/stream/route.ts

  Server Component:
    ./src/lib/brain/autonomy/AyasResearchNoveltyStore.ts
    ./src/lib/brain/autonomy/AyasGoalResearchSchedule.ts
    ./app/brain/actions.ts
    ./src/components/brain/AyasConsolePage.tsx
    ./app/page.tsx


./src/lib/brain/autonomy/AyasResearchNoveltyStore.ts:120:15
Warning: Dynamic filesystem access causes tracing of the whole project
  118 | ...
  119 | ...searchNoveltyStore(options: AyasResearchNoveltyStoreOptions = {}): AyasResearchNovelty...
> 120 | ...ptions.rootDir ?? path.join(process.cwd(), "data", "brain", "self-improvement", "resea...
      |    ^^^^^^^^^^^^^^^^^^^^^^^^^^^^^^^^^^^^^^^^^^^^^^^^^^^^^^^^^^^^^^^^^^^^^^^^^^^^^^^^^^^^^^^^^
  121 | ...
  122 | ...tring): string => path.join(dir, `${itemId}.json`);
  123 | ...

Static analysis determined that this filesystem access causes the whole project to be traced and included in the output.
This is usually unintentional and leads to all source files (including the public folder) to be deployed as part of the server code.
This can slow down deployments or lead to failures when size limits are exceeded.
To resolve this, you can
- make sure the path is statically scoped to some subfolder, for example path.join(process.cwd(), 'data', bar), or
- only use them in development, or
- opt out by adding an ignore comment to the highlighted call: path.resolve(/*turbopackIgnore: true*/ ...), or
- remove them.

Import traces:
  App Route:
    ./src/lib/brain/autonomy/AyasResearchNoveltyStore.ts
    ./src/lib/ayas/execution/AyasSafeExecutors.ts
    ./src/lib/ayas/execution/AyasActionRuntime.ts
    ./src/lib/ayas/AyasProductBrain.ts
    ./app/api/ayas/chat/stream/route.ts

  Server Component:
    ./src/lib/brain/autonomy/AyasResearchNoveltyStore.ts
    ./src/lib/brain/autonomy/AyasGoalResearchSchedule.ts
    ./app/brain/actions.ts
    ./src/components/brain/AyasConsolePage.tsx
    ./app/page.tsx


./src/lib/brain/autonomy/AyasResearchSchedulerStateStore.ts:173:15
Warning: Dynamic filesystem access causes tracing of the whole project
  171 | ...
  172 | ...asResearchSchedulerStateStore(options: AyasResearchSchedulerStateStoreOptions = {}): A...
> 173 | ...ve(options.rootDir ?? path.join(process.cwd(), "data", "brain", "self-improvement", "r...
      |    ^^^^^^^^^^^^^^^^^^^^^^^^^^^^^^^^^^^^^^^^^^^^^^^^^^^^^^^^^^^^^^^^^^^^^^^^^^^^^^^^^^^^^^^^^
  174 | ...(dir, "scheduler-state.json");
  175 | ...
  176 | ...

Static analysis determined that this filesystem access causes the whole project to be traced and included in the output.
This is usually unintentional and leads to all source files (including the public folder) to be deployed as part of the server code.
This can slow down deployments or lead to failures when size limits are exceeded.
To resolve this, you can
- make sure the path is statically scoped to some subfolder, for example path.join(process.cwd(), 'data', bar), or
- only use them in development, or
- opt out by adding an ignore comment to the highlighted call: path.resolve(/*turbopackIgnore: true*/ ...), or
- remove them.

Import traces:
  Server Component:
    ./src/lib/brain/autonomy/AyasResearchSchedulerStateStore.ts
    ./src/lib/brain/autonomy/AyasGoalDevelopmentView.ts
    ./src/components/brain/AyasConsolePage.tsx
    ./app/brain/page.tsx

  App Route:
    ./src/lib/brain/autonomy/AyasResearchSchedulerStateStore.ts
    ./src/lib/ayas/execution/AyasSafeExecutors.ts
    ./src/lib/ayas/execution/AyasActionRuntime.ts
    ./src/lib/ayas/AyasProductBrain.ts
    ./app/api/ayas/chat/stream/route.ts


./src/lib/brain/autonomy/AyasResearchSchedulerStateStore.ts:230:15
Warning: Dynamic filesystem access causes tracing of the whole project
  228 | ...
  229 | ...asResearchSchedulerHeartbeatStore(options: AyasResearchSchedulerStateStoreOptions = {}...
> 230 | ...ve(options.rootDir ?? path.join(process.cwd(), "data", "brain", "self-improvement", "r...
      |    ^^^^^^^^^^^^^^^^^^^^^^^^^^^^^^^^^^^^^^^^^^^^^^^^^^^^^^^^^^^^^^^^^^^^^^^^^^^^^^^^^^^^^^^^^
  231 | ...(dir, "scheduler-heartbeat.json");
  232 | ...esearchSchedulerHeartbeat | undefined => {
  233 | ...

Static analysis determined that this filesystem access causes the whole project to be traced and included in the output.
This is usually unintentional and leads to all source files (including the public folder) to be deployed as part of the server code.
This can slow down deployments or lead to failures when size limits are exceeded.
To resolve this, you can
- make sure the path is statically scoped to some subfolder, for example path.join(process.cwd(), 'data', bar), or
- only use them in development, or
- opt out by adding an ignore comment to the highlighted call: path.resolve(/*turbopackIgnore: true*/ ...), or
- remove them.

Import traces:
  Server Component:
    ./src/lib/brain/autonomy/AyasResearchSchedulerStateStore.ts
    ./src/lib/brain/autonomy/AyasGoalDevelopmentView.ts
    ./src/components/brain/AyasConsolePage.tsx
    ./app/brain/page.tsx

  App Route:
    ./src/lib/brain/autonomy/AyasResearchSchedulerStateStore.ts
    ./src/lib/ayas/execution/AyasSafeExecutors.ts
    ./src/lib/ayas/execution/AyasActionRuntime.ts
    ./src/lib/ayas/AyasProductBrain.ts
    ./app/api/ayas/chat/stream/route.ts


./src/lib/brain/autonomy/AyasResearchSourceStateStore.ts:74:12
Warning: Dynamic filesystem access causes tracing of the whole project
  72 |     },
  73 |     list() {
> 74 |       if (!fs.existsSync(dir)) return [];
     |            ^^^^^^^^^^^^^^^^^^
  75 |       const out: AyasResearchSourceCheckState[] = [];
  76 |       for (const f of fs.readdirSync(dir)) {
  77 |         if (!f.endsWith(".json") || f.startsWith(".")) continue;

Static analysis determined that this filesystem access causes the whole project to be traced and included in the output.
This is usually unintentional and leads to all source files (including the public folder) to be deployed as part of the server code.
This can slow down deployments or lead to failures when size limits are exceeded.
To resolve this, you can
- make sure the path is statically scoped to some subfolder, for example path.join(process.cwd(), 'data', bar), or
- only use them in development, or
- opt out by adding an ignore comment to the highlighted call: fs.existsSync(/*turbopackIgnore: true*/ ...), or
- remove them.

Import traces:
  Server Component:
    ./src/lib/brain/autonomy/AyasResearchSourceStateStore.ts
    ./src/lib/brain/autonomy/AyasResearchEngineStatusView.ts
    ./src/components/brain/AyasConsolePage.tsx
    ./app/brain/page.tsx

  App Route:
    ./src/lib/brain/autonomy/AyasResearchSourceStateStore.ts
    ./src/lib/ayas/execution/AyasSafeExecutors.ts
    ./src/lib/ayas/execution/AyasActionRuntime.ts
    ./src/lib/ayas/AyasProductBrain.ts
    ./app/api/ayas/chat/stream/route.ts


./src/lib/brain/autonomy/AyasResearchSourceStateStore.ts:79:37
Warning: Dynamic filesystem access causes tracing of the whole project
  77 | ....endsWith(".json") || f.startsWith(".")) continue;
  78 | ...
> 79 | ...t parsed = JSON.parse(fs.readFileSync(path.join(dir, f), "utf8")) as AyasResearchSource...
     |                          ^^^^^^^^^^^^^^^^^^^^^^^^^^^^^^^^^^^^^^^^^^
  80 | ...parsed?.schemaVersion === ayasResearchSourceStateSchemaVersion) out.push(parsed);
  81 | ...h { /* a corrupt record never blocks reading the rest */ }
  82 | ...

Static analysis determined that this filesystem access causes the whole project to be traced and included in the output.
This is usually unintentional and leads to all source files (including the public folder) to be deployed as part of the server code.
This can slow down deployments or lead to failures when size limits are exceeded.
To resolve this, you can
- make sure the path is statically scoped to some subfolder, for example path.join(process.cwd(), 'data', bar), or
- only use them in development, or
- opt out by adding an ignore comment to the highlighted call: fs.readFileSync(/*turbopackIgnore: true*/ ...), or
- remove them.

Import traces:
  Server Component:
    ./src/lib/brain/autonomy/AyasResearchSourceStateStore.ts
    ./src/lib/brain/autonomy/AyasResearchEngineStatusView.ts
    ./src/components/brain/AyasConsolePage.tsx
    ./app/brain/page.tsx

  App Route:
    ./src/lib/brain/autonomy/AyasResearchSourceStateStore.ts
    ./src/lib/ayas/execution/AyasSafeExecutors.ts
    ./src/lib/ayas/execution/AyasActionRuntime.ts
    ./src/lib/ayas/AyasProductBrain.ts
    ./app/api/ayas/chat/stream/route.ts


./src/lib/brain/autonomy/AyasResearchSourceStateStore.ts:76:23
Warning: Dynamic filesystem access causes tracing of the whole project
  74 |       if (!fs.existsSync(dir)) return [];
  75 |       const out: AyasResearchSourceCheckState[] = [];
> 76 |       for (const f of fs.readdirSync(dir)) {
     |                       ^^^^^^^^^^^^^^^^^^^
  77 |         if (!f.endsWith(".json") || f.startsWith(".")) continue;
  78 |         try {
  79 |           const parsed = JSON.parse(fs.readFileSync(path.join(dir, f), "utf8")) as AyasRes...

Static analysis determined that this filesystem access causes the whole project to be traced and included in the output.
This is usually unintentional and leads to all source files (including the public folder) to be deployed as part of the server code.
This can slow down deployments or lead to failures when size limits are exceeded.
To resolve this, you can
- make sure the path is statically scoped to some subfolder, for example path.join(process.cwd(), 'data', bar), or
- only use them in development, or
- opt out by adding an ignore comment to the highlighted call: fs.readdir(/*turbopackIgnore: true*/ ...), or
- remove them.

Import traces:
  Server Component:
    ./src/lib/brain/autonomy/AyasResearchSourceStateStore.ts
    ./src/lib/brain/autonomy/AyasResearchEngineStatusView.ts
    ./src/components/brain/AyasConsolePage.tsx
    ./app/brain/page.tsx

  App Route:
    ./src/lib/brain/autonomy/AyasResearchSourceStateStore.ts
    ./src/lib/ayas/execution/AyasSafeExecutors.ts
    ./src/lib/ayas/execution/AyasActionRuntime.ts
    ./src/lib/ayas/AyasProductBrain.ts
    ./app/api/ayas/chat/stream/route.ts


./src/lib/brain/autonomy/AyasResearchSourceStateStore.ts:79:53
Warning: Dynamic filesystem access causes tracing of the whole project
  77 | ...dsWith(".json") || f.startsWith(".")) continue;
  78 | ...
> 79 | ...arsed = JSON.parse(fs.readFileSync(path.join(dir, f), "utf8")) as AyasResearchSourceChe...
     |                                       ^^^^^^^^^^^^^^^^^
  80 | ...sed?.schemaVersion === ayasResearchSourceStateSchemaVersion) out.push(parsed);
  81 | ... /* a corrupt record never blocks reading the rest */ }
  82 | ...

Static analysis determined that this filesystem access causes the whole project to be traced and included in the output.
This is usually unintentional and leads to all source files (including the public folder) to be deployed as part of the server code.
This can slow down deployments or lead to failures when size limits are exceeded.
To resolve this, you can
- make sure the path is statically scoped to some subfolder, for example path.join(process.cwd(), 'data', bar), or
- only use them in development, or
- opt out by adding an ignore comment to the highlighted call: path.join(/*turbopackIgnore: true*/ ...), or
- remove them.

Import traces:
  Server Component:
    ./src/lib/brain/autonomy/AyasResearchSourceStateStore.ts
    ./src/lib/brain/autonomy/AyasResearchEngineStatusView.ts
    ./src/components/brain/AyasConsolePage.tsx
    ./app/brain/page.tsx

  App Route:
    ./src/lib/brain/autonomy/AyasResearchSourceStateStore.ts
    ./src/lib/ayas/execution/AyasSafeExecutors.ts
    ./src/lib/ayas/execution/AyasActionRuntime.ts
    ./src/lib/ayas/AyasProductBrain.ts
    ./app/api/ayas/chat/stream/route.ts


./src/lib/brain/autonomy/AyasResearchSourceStateStore.ts:57:15
Warning: Dynamic filesystem access causes tracing of the whole project
  55 | ...
  56 | ...searchSourceStateStore(options: AyasResearchSourceStateStoreOptions = {}): AyasResearch...
> 57 | ...ptions.rootDir ?? path.join(process.cwd(), "data", "brain", "self-improvement", "resear...
     |    ^^^^^^^^^^^^^^^^^^^^^^^^^^^^^^^^^^^^^^^^^^^^^^^^^^^^^^^^^^^^^^^^^^^^^^^^^^^^^^^^^^^^^^^^^^
  58 | ... string): string => {
  59 | ...Id)) throw new Error(`AYAS_RESEARCH_SOURCE_STATE_INVALID_ID: ${sourceId}`);
  60 | ...{sourceId}.json`);

Static analysis determined that this filesystem access causes the whole project to be traced and included in the output.
This is usually unintentional and leads to all source files (including the public folder) to be deployed as part of the server code.
This can slow down deployments or lead to failures when size limits are exceeded.
To resolve this, you can
- make sure the path is statically scoped to some subfolder, for example path.join(process.cwd(), 'data', bar), or
- only use them in development, or
- opt out by adding an ignore comment to the highlighted call: path.resolve(/*turbopackIgnore: true*/ ...), or
- remove them.

Import traces:
  Server Component:
    ./src/lib/brain/autonomy/AyasResearchSourceStateStore.ts
    ./src/lib/brain/autonomy/AyasResearchEngineStatusView.ts
    ./src/components/brain/AyasConsolePage.tsx
    ./app/brain/page.tsx

  App Route:
    ./src/lib/brain/autonomy/AyasResearchSourceStateStore.ts
    ./src/lib/ayas/execution/AyasSafeExecutors.ts
    ./src/lib/ayas/execution/AyasActionRuntime.ts
    ./src/lib/ayas/AyasProductBrain.ts
    ./app/api/ayas/chat/stream/route.ts


./src/lib/brain/autonomy/AyasRuntimeStabilityTransaction.ts:116:15
Warning: Dynamic filesystem access causes tracing of the whole project
  114 | ...
  115 | ...teAyasStabilityTransactionStore(options: AyasStabilityTransactionStoreOptions = {}): A...
> 116 | ...esolve(options.rootDir ?? path.join(process.cwd(), "data", "brain", "autonomy", "stabi...
      |    ^^^^^^^^^^^^^^^^^^^^^^^^^^^^^^^^^^^^^^^^^^^^^^^^^^^^^^^^^^^^^^^^^^^^^^^^^^^^^^^^^^^^^^^^^
  117 | ...join(dir, "stability-transactions.json");
  118 | ...s.now ?? (() => new Date().toISOString());
  119 | ...ptions.pid ?? process.pid;

Static analysis determined that this filesystem access causes the whole project to be traced and included in the output.
This is usually unintentional and leads to all source files (including the public folder) to be deployed as part of the server code.
This can slow down deployments or lead to failures when size limits are exceeded.
To resolve this, you can
- make sure the path is statically scoped to some subfolder, for example path.join(process.cwd(), 'data', bar), or
- only use them in development, or
- opt out by adding an ignore comment to the highlighted call: path.resolve(/*turbopackIgnore: true*/ ...), or
- remove them.

Import traces:
  App Route:
    ./src/lib/brain/autonomy/AyasRuntimeStabilityTransaction.ts
    ./src/lib/ayas/execution/AyasSafeExecutors.ts
    ./src/lib/ayas/execution/AyasActionRuntime.ts
    ./src/lib/ayas/AyasProductBrain.ts
    ./app/api/ayas/chat/stream/route.ts

  Server Component:
    ./src/lib/brain/autonomy/AyasRuntimeStabilityTransaction.ts
    ./src/lib/brain/autonomy/AyasGuardedPublication.ts
    ./src/lib/brain/autonomy/AyasProposalApprovalService.ts
    ./app/brain/actions.ts
    ./src/components/brain/AyasConsolePage.tsx
    ./app/brain/page.tsx


./src/lib/brain/autonomy/AyasSandboxUnvalidatableStore.ts:118:12
Warning: Dynamic filesystem access causes tracing of the whole project
  116 |     load(semanticKey) { return loadRaw(semanticKey); },
  117 |     list() {
> 118 |       if (!fs.existsSync(dir)) return [];
      |            ^^^^^^^^^^^^^^^^^^
  119 |       const out: AyasSandboxUnvalidatableRecord[] = [];
  120 |       for (const f of fs.readdirSync(dir)) {
  121 |         if (!f.endsWith(".json") || f.startsWith(".")) continue;

Static analysis determined that this filesystem access causes the whole project to be traced and included in the output.
This is usually unintentional and leads to all source files (including the public folder) to be deployed as part of the server code.
This can slow down deployments or lead to failures when size limits are exceeded.
To resolve this, you can
- make sure the path is statically scoped to some subfolder, for example path.join(process.cwd(), 'data', bar), or
- only use them in development, or
- opt out by adding an ignore comment to the highlighted call: fs.existsSync(/*turbopackIgnore: true*/ ...), or
- remove them.

Import traces:
  App Route:
    ./src/lib/brain/autonomy/AyasSandboxUnvalidatableStore.ts
    ./src/lib/ayas/execution/AyasSafeExecutors.ts
    ./src/lib/ayas/execution/AyasActionRuntime.ts
    ./src/lib/ayas/AyasProductBrain.ts
    ./app/api/ayas/chat/stream/route.ts

  Server Component:
    ./src/lib/brain/autonomy/AyasSandboxUnvalidatableStore.ts
    ./src/lib/brain/autonomy/AyasNovelPatchDiscovery.ts
    ./src/lib/brain/autonomy/AyasMutationRegistry.ts
    ./src/lib/brain/autonomy/AyasInternalDecision.ts
    ./src/lib/brain/autonomy/AyasOwnerRecommendationsView.ts
    ./src/lib/ayas/briefing/AyasExecutiveBriefingService.ts
    ./app/brain/briefing/page.tsx


./src/lib/brain/autonomy/AyasSandboxUnvalidatableStore.ts:123:37
Warning: Dynamic filesystem access causes tracing of the whole project
  121 | ....endsWith(".json") || f.startsWith(".")) continue;
  122 | ...
> 123 | ...t parsed = JSON.parse(fs.readFileSync(path.join(dir, f), "utf8")) as AyasSandboxUnvali...
      |                          ^^^^^^^^^^^^^^^^^^^^^^^^^^^^^^^^^^^^^^^^^^
  124 | ...parsed.schemaVersion === ayasSandboxUnvalidatableSchemaVersion) out.push(parsed);
  125 | ...h { /* corrupt record never blocks reading the rest */ }
  126 | ...

Static analysis determined that this filesystem access causes the whole project to be traced and included in the output.
This is usually unintentional and leads to all source files (including the public folder) to be deployed as part of the server code.
This can slow down deployments or lead to failures when size limits are exceeded.
To resolve this, you can
- make sure the path is statically scoped to some subfolder, for example path.join(process.cwd(), 'data', bar), or
- only use them in development, or
- opt out by adding an ignore comment to the highlighted call: fs.readFileSync(/*turbopackIgnore: true*/ ...), or
- remove them.

Import traces:
  App Route:
    ./src/lib/brain/autonomy/AyasSandboxUnvalidatableStore.ts
    ./src/lib/ayas/execution/AyasSafeExecutors.ts
    ./src/lib/ayas/execution/AyasActionRuntime.ts
    ./src/lib/ayas/AyasProductBrain.ts
    ./app/api/ayas/chat/stream/route.ts

  Server Component:
    ./src/lib/brain/autonomy/AyasSandboxUnvalidatableStore.ts
    ./src/lib/brain/autonomy/AyasNovelPatchDiscovery.ts
    ./src/lib/brain/autonomy/AyasMutationRegistry.ts
    ./src/lib/brain/autonomy/AyasInternalDecision.ts
    ./src/lib/brain/autonomy/AyasOwnerRecommendationsView.ts
    ./src/lib/ayas/briefing/AyasExecutiveBriefingService.ts
    ./app/brain/briefing/page.tsx


./src/lib/brain/autonomy/AyasSandboxUnvalidatableStore.ts:120:23
Warning: Dynamic filesystem access causes tracing of the whole project
  118 |       if (!fs.existsSync(dir)) return [];
  119 |       const out: AyasSandboxUnvalidatableRecord[] = [];
> 120 |       for (const f of fs.readdirSync(dir)) {
      |                       ^^^^^^^^^^^^^^^^^^^
  121 |         if (!f.endsWith(".json") || f.startsWith(".")) continue;
  122 |         try {
  123 |           const parsed = JSON.parse(fs.readFileSync(path.join(dir, f), "utf8")) as AyasSa...

Static analysis determined that this filesystem access causes the whole project to be traced and included in the output.
This is usually unintentional and leads to all source files (including the public folder) to be deployed as part of the server code.
This can slow down deployments or lead to failures when size limits are exceeded.
To resolve this, you can
- make sure the path is statically scoped to some subfolder, for example path.join(process.cwd(), 'data', bar), or
- only use them in development, or
- opt out by adding an ignore comment to the highlighted call: fs.readdir(/*turbopackIgnore: true*/ ...), or
- remove them.

Import traces:
  App Route:
    ./src/lib/brain/autonomy/AyasSandboxUnvalidatableStore.ts
    ./src/lib/ayas/execution/AyasSafeExecutors.ts
    ./src/lib/ayas/execution/AyasActionRuntime.ts
    ./src/lib/ayas/AyasProductBrain.ts
    ./app/api/ayas/chat/stream/route.ts

  Server Component:
    ./src/lib/brain/autonomy/AyasSandboxUnvalidatableStore.ts
    ./src/lib/brain/autonomy/AyasNovelPatchDiscovery.ts
    ./src/lib/brain/autonomy/AyasMutationRegistry.ts
    ./src/lib/brain/autonomy/AyasInternalDecision.ts
    ./src/lib/brain/autonomy/AyasOwnerRecommendationsView.ts
    ./src/lib/ayas/briefing/AyasExecutiveBriefingService.ts
    ./app/brain/briefing/page.tsx


./src/lib/brain/autonomy/AyasSandboxUnvalidatableStore.ts:123:53
Warning: Dynamic filesystem access causes tracing of the whole project
  121 | ...dsWith(".json") || f.startsWith(".")) continue;
  122 | ...
> 123 | ...arsed = JSON.parse(fs.readFileSync(path.join(dir, f), "utf8")) as AyasSandboxUnvalidat...
      |                                       ^^^^^^^^^^^^^^^^^
  124 | ...sed.schemaVersion === ayasSandboxUnvalidatableSchemaVersion) out.push(parsed);
  125 | ... /* corrupt record never blocks reading the rest */ }
  126 | ...

Static analysis determined that this filesystem access causes the whole project to be traced and included in the output.
This is usually unintentional and leads to all source files (including the public folder) to be deployed as part of the server code.
This can slow down deployments or lead to failures when size limits are exceeded.
To resolve this, you can
- make sure the path is statically scoped to some subfolder, for example path.join(process.cwd(), 'data', bar), or
- only use them in development, or
- opt out by adding an ignore comment to the highlighted call: path.join(/*turbopackIgnore: true*/ ...), or
- remove them.

Import traces:
  App Route:
    ./src/lib/brain/autonomy/AyasSandboxUnvalidatableStore.ts
    ./src/lib/ayas/execution/AyasSafeExecutors.ts
    ./src/lib/ayas/execution/AyasActionRuntime.ts
    ./src/lib/ayas/AyasProductBrain.ts
    ./app/api/ayas/chat/stream/route.ts

  Server Component:
    ./src/lib/brain/autonomy/AyasSandboxUnvalidatableStore.ts
    ./src/lib/brain/autonomy/AyasNovelPatchDiscovery.ts
    ./src/lib/brain/autonomy/AyasMutationRegistry.ts
    ./src/lib/brain/autonomy/AyasInternalDecision.ts
    ./src/lib/brain/autonomy/AyasOwnerRecommendationsView.ts
    ./src/lib/ayas/briefing/AyasExecutiveBriefingService.ts
    ./app/brain/briefing/page.tsx


./src/lib/brain/autonomy/AyasSandboxUnvalidatableStore.ts:69:15
Warning: Dynamic filesystem access causes tracing of the whole project
  67 | ...
  68 | ...boxUnvalidatableStore(options: AyasSandboxUnvalidatableStoreOptions = {}): AyasSandboxU...
> 69 | ...ions.rootDir ?? path.join(process.cwd(), "data", "brain", "self-improvement", "sandbox-...
     |    ^^^^^^^^^^^^^^^^^^^^^^^^^^^^^^^^^^^^^^^^^^^^^^^^^^^^^^^^^^^^^^^^^^^^^^^^^^^^^^^^^^^^^^^^^^
  70 | ...
  71 | ...: string): AyasSandboxUnvalidatableRecord | undefined => {
  72 | ...semanticKey);

Static analysis determined that this filesystem access causes the whole project to be traced and included in the output.
This is usually unintentional and leads to all source files (including the public folder) to be deployed as part of the server code.
This can slow down deployments or lead to failures when size limits are exceeded.
To resolve this, you can
- make sure the path is statically scoped to some subfolder, for example path.join(process.cwd(), 'data', bar), or
- only use them in development, or
- opt out by adding an ignore comment to the highlighted call: path.resolve(/*turbopackIgnore: true*/ ...), or
- remove them.

Import traces:
  App Route:
    ./src/lib/brain/autonomy/AyasSandboxUnvalidatableStore.ts
    ./src/lib/ayas/execution/AyasSafeExecutors.ts
    ./src/lib/ayas/execution/AyasActionRuntime.ts
    ./src/lib/ayas/AyasProductBrain.ts
    ./app/api/ayas/chat/stream/route.ts

  Server Component:
    ./src/lib/brain/autonomy/AyasSandboxUnvalidatableStore.ts
    ./src/lib/brain/autonomy/AyasNovelPatchDiscovery.ts
    ./src/lib/brain/autonomy/AyasMutationRegistry.ts
    ./src/lib/brain/autonomy/AyasInternalDecision.ts
    ./src/lib/brain/autonomy/AyasOwnerRecommendationsView.ts
    ./src/lib/ayas/briefing/AyasExecutiveBriefingService.ts
    ./app/brain/briefing/page.tsx


./src/lib/brain/autonomy/AyasSelfImprovementHealthCollector.ts:197:20
Warning: Dynamic filesystem access causes tracing of the whole project
  195 |
  196 | export async function collectAyasSelfImprovementHealthInput(deps: AyasHealthCollectorDeps...
> 197 |   const repoRoot = path.resolve(deps.repoRoot ?? process.cwd());
      |                    ^^^^^^^^^^^^^^^^^^^^^^^^^^^^^^^^^^^^^^^^^^^^
  198 |   const now = deps.now ? deps.now() : new Date().toISOString();
  199 |   const nowMs = Date.parse(now);
  200 |   const env = deps.env ?? process.env;

Static analysis determined that this filesystem access causes the whole project to be traced and included in the output.
This is usually unintentional and leads to all source files (including the public folder) to be deployed as part of the server code.
This can slow down deployments or lead to failures when size limits are exceeded.
To resolve this, you can
- make sure the path is statically scoped to some subfolder, for example path.join(process.cwd(), 'data', bar), or
- only use them in development, or
- opt out by adding an ignore comment to the highlighted call: path.resolve(/*turbopackIgnore: true*/ ...), or
- remove them.

Import traces:
  Server Component:
    ./src/lib/brain/autonomy/AyasSelfImprovementHealthCollector.ts
    ./src/lib/brain/ui/AyasControlCenterCollector.ts
    ./src/lib/ayas/briefing/AyasExecutiveBriefingService.ts
    ./app/brain/briefing/page.tsx

  App Route:
    ./src/lib/brain/autonomy/AyasSelfImprovementHealthCollector.ts
    ./src/lib/ayas/execution/AyasSafeExecutors.ts
    ./src/lib/ayas/execution/AyasActionRuntime.ts
    ./src/lib/ayas/AyasProductBrain.ts
    ./app/api/ayas/chat/stream/route.ts


./src/lib/brain/ui/AyasControlCenterCollector.ts:394:15
Warning: Dynamic filesystem access causes tracing of the whole project
  392 |
  393 | async function collectAyasControlCenterFacts(options: AyasControlCenterCollectOptions): P...
> 394 |   const cwd = path.resolve(options.cwd ?? process.cwd());
      |               ^^^^^^^^^^^^^^^^^^^^^^^^^^^^^^^^^^^^^^^^^^
  395 |   const env = options.env ?? process.env;
  396 |   const now = options.now ?? (() => new Date().toISOString());
  397 |   const timeoutMs = options.timeoutMs ?? AYAS_CC_SOURCE_TIMEOUT_MS;

Static analysis determined that this filesystem access causes the whole project to be traced and included in the output.
This is usually unintentional and leads to all source files (including the public folder) to be deployed as part of the server code.
This can slow down deployments or lead to failures when size limits are exceeded.
To resolve this, you can
- make sure the path is statically scoped to some subfolder, for example path.join(process.cwd(), 'data', bar), or
- only use them in development, or
- opt out by adding an ignore comment to the highlighted call: path.resolve(/*turbopackIgnore: true*/ ...), or
- remove them.

Import traces:
  Server Component:
    ./src/lib/brain/ui/AyasControlCenterCollector.ts
    ./src/lib/ayas/briefing/AyasExecutiveBriefingService.ts
    ./app/brain/briefing/page.tsx

  App Route:
    ./src/lib/brain/ui/AyasControlCenterCollector.ts
    ./src/lib/audio/AudioCompensationStore.ts
    ./src/lib/assets/storage/AudioStorage.ts
    ./app/api/assets/audio/[slug]/[fileName]/route.ts


./src/lib/production/ProductionAcceptanceMarkerDescriptorReader.ts:69:20
Warning: Dynamic filesystem access causes tracing of the whole project
  67 |     maxBytes: MAX_MARKER_BYTES,
  68 |   });
> 69 |   if (path.dirname(fs.realpathSync(markerPath)) !== requirePlainDirectory(input.projectFol...
     |                    ^^^^^^^^^^^^^^^^^^^^^^^^^^^
  70 |     throw new Error("PRODUCTION_ACCEPTANCE_MARKER_CONTAINMENT_INVALID");
  71 |   }
  72 |   const parsed = JSON.parse(generic.bytes.toString("utf8")) as unknown;

Static analysis determined that this filesystem access causes the whole project to be traced and included in the output.
This is usually unintentional and leads to all source files (including the public folder) to be deployed as part of the server code.
This can slow down deployments or lead to failures when size limits are exceeded.
To resolve this, you can
- make sure the path is statically scoped to some subfolder, for example path.join(process.cwd(), 'data', bar), or
- only use them in development, or
- opt out by adding an ignore comment to the highlighted call: fs.realpathSync(/*turbopackIgnore: true*/ ...), or
- remove them.

Import traces:
  #1 [App Route]:
    ./src/lib/production/ProductionAcceptanceMarkerDescriptorReader.ts
    ./src/lib/ayas/execution/AyasGuidedRepair.ts
    ./src/lib/ayas/execution/AyasGuidedRepairSessionStore.ts
    ./app/api/ayas/chat/stream/route.ts

  #2 [App Route]:
    ./src/lib/production/ProductionAcceptanceMarkerDescriptorReader.ts
    ./src/lib/production/ProductionAcceptancePolicy.ts
    ./src/lib/pipeline/PipelineRunner.ts
    ./app/api/projects/[slug]/pipeline/retry/route.ts

  #3 [Instrumentation]:
    ./src/lib/production/ProductionAcceptanceMarkerDescriptorReader.ts
    ./src/lib/production/ProductionAcceptancePolicy.ts
    ./src/lib/pipeline/PipelineRunner.ts
    ./src/lib/production/ProductionPipelineExecutionConfiguration.ts
    ./src/lib/runtime/ProductionRuntimeCompositionRoot.ts
    ./instrumentation.ts

  #4 [Server Component]:
    ./src/lib/production/ProductionAcceptanceMarkerDescriptorReader.ts
    ./src/lib/production/ProductionAcceptancePolicy.ts
    ./src/lib/pipeline/PipelineRecoveryPlanner.ts
    ./src/lib/ayas/AyasProjectCatalog.ts
    ./src/lib/brain/ui/AyasControlCenterCollector.ts
    ./src/components/brain/AyasConsolePage.tsx
    ./app/brain/page.tsx


./src/lib/production/ProductionExecutionDescriptorBoundReadAdapter.ts:165:23
Warning: Dynamic filesystem access causes tracing of the whole project
  163 |         !reliable(before.dev, before.ino)) throw new Error("invalid");
  164 |       this.barriers.afterDirectoryIdentityRead?.(kind, directory);
> 165 |       const entries = fs.readdirSync(directory, { withFileTypes: true });
      |                       ^^^^^^^^^^^^^^^^^^^^^^^^^^^^^^^^^^^^^^^^^^^^^^^^^^
  166 |       const keys: string[] = [];
  167 |       for (const entry of entries) {
  168 |         if (entry.name.includes(".tmp")) continue;

Static analysis determined that this filesystem access causes the whole project to be traced and included in the output.
This is usually unintentional and leads to all source files (including the public folder) to be deployed as part of the server code.
This can slow down deployments or lead to failures when size limits are exceeded.
To resolve this, you can
- make sure the path is statically scoped to some subfolder, for example path.join(process.cwd(), 'data', bar), or
- only use them in development, or
- opt out by adding an ignore comment to the highlighted call: fs.readdir(/*turbopackIgnore: true*/ ...), or
- remove them.

Import traces:
  #1 [App Route]:
    ./src/lib/production/ProductionExecutionDescriptorBoundReadAdapter.ts
    ./src/lib/ayas/execution/AyasGuidedRepair.ts
    ./src/lib/ayas/execution/AyasGuidedRepairSessionStore.ts
    ./app/api/ayas/chat/stream/route.ts

  #2 [App Route]:
    ./src/lib/production/ProductionExecutionDescriptorBoundReadAdapter.ts
    ./src/lib/production/ProductionAcceptanceLegacyDurableRecoverySnapshot.ts
    ./src/lib/production/ProductionAcceptancePolicy.ts
    ./src/lib/pipeline/PipelineRunner.ts
    ./app/api/projects/[slug]/pipeline/retry/route.ts

  #3 [Instrumentation]:
    ./src/lib/production/ProductionExecutionDescriptorBoundReadAdapter.ts
    ./src/lib/production/ProductionAcceptanceLegacyDurableRecoverySnapshot.ts
    ./src/lib/production/ProductionAcceptancePolicy.ts
    ./src/lib/pipeline/PipelineRunner.ts
    ./src/lib/production/ProductionPipelineExecutionConfiguration.ts
    ./src/lib/runtime/ProductionRuntimeCompositionRoot.ts
    ./instrumentation.ts

  #4 [Server Component]:
    ./src/lib/production/ProductionExecutionDescriptorBoundReadAdapter.ts
    ./src/lib/production/ProductionAcceptanceLegacyDurableRecoverySnapshot.ts
    ./src/lib/production/ProductionAcceptancePolicy.ts
    ./src/lib/pipeline/PipelineRecoveryPlanner.ts
    ./src/lib/ayas/AyasProjectCatalog.ts
    ./src/lib/brain/ui/AyasControlCenterCollector.ts
    ./src/components/brain/AyasConsolePage.tsx
    ./app/page.tsx


./src/lib/production/ProductionExecutionDescriptorBoundReadAdapter.ts:151:23
Warning: Dynamic filesystem access causes tracing of the whole project
  149 |
  150 |   async listKeys<K extends ProductionExecutionPersistenceRecordKind>(kind: K) {
> 151 |     const directory = path.join(this.root, directories[kind]);
      |                       ^^^^^^^^^^^^^^^^^^^^^^^^^^^^^^^^^^^^^^^
  152 |     try {
  153 |       this.assertAuthority();
  154 |     } catch (error) {

Static analysis determined that this filesystem access causes the whole project to be traced and included in the output.
This is usually unintentional and leads to all source files (including the public folder) to be deployed as part of the server code.
This can slow down deployments or lead to failures when size limits are exceeded.
To resolve this, you can
- make sure the path is statically scoped to some subfolder, for example path.join(process.cwd(), 'data', bar), or
- only use them in development, or
- opt out by adding an ignore comment to the highlighted call: path.join(/*turbopackIgnore: true*/ ...), or
- remove them.

Import traces:
  #1 [App Route]:
    ./src/lib/production/ProductionExecutionDescriptorBoundReadAdapter.ts
    ./src/lib/ayas/execution/AyasGuidedRepair.ts
    ./src/lib/ayas/execution/AyasGuidedRepairSessionStore.ts
    ./app/api/ayas/chat/stream/route.ts

  #2 [App Route]:
    ./src/lib/production/ProductionExecutionDescriptorBoundReadAdapter.ts
    ./src/lib/production/ProductionAcceptanceLegacyDurableRecoverySnapshot.ts
    ./src/lib/production/ProductionAcceptancePolicy.ts
    ./src/lib/pipeline/PipelineRunner.ts
    ./app/api/projects/[slug]/pipeline/retry/route.ts

  #3 [Instrumentation]:
    ./src/lib/production/ProductionExecutionDescriptorBoundReadAdapter.ts
    ./src/lib/production/ProductionAcceptanceLegacyDurableRecoverySnapshot.ts
    ./src/lib/production/ProductionAcceptancePolicy.ts
    ./src/lib/pipeline/PipelineRunner.ts
    ./src/lib/production/ProductionPipelineExecutionConfiguration.ts
    ./src/lib/runtime/ProductionRuntimeCompositionRoot.ts
    ./instrumentation.ts

  #4 [Server Component]:
    ./src/lib/production/ProductionExecutionDescriptorBoundReadAdapter.ts
    ./src/lib/production/ProductionAcceptanceLegacyDurableRecoverySnapshot.ts
    ./src/lib/production/ProductionAcceptancePolicy.ts
    ./src/lib/pipeline/PipelineRecoveryPlanner.ts
    ./src/lib/ayas/AyasProjectCatalog.ts
    ./src/lib/brain/ui/AyasControlCenterCollector.ts
    ./src/components/brain/AyasConsolePage.tsx
    ./app/page.tsx


./src/lib/production/ProductionExecutionPersistence.ts:144:78
Warning: Dynamic filesystem access causes tracing of the whole project
  142 | ...
  143 | ...
> 144 | ...stenceRecordKind) { return path.join(this.root, kinds[kind]); }
      |                               ^^^^^^^^^^^^^^^^^^^^^^^^^^^^^^^^^
  145 | ...nceRecordKind, key: string) { return path.join(this.directory(kind), `${key}.json`); }
  146 | ...
  147 | ...

Static analysis determined that this filesystem access causes the whole project to be traced and included in the output.
This is usually unintentional and leads to all source files (including the public folder) to be deployed as part of the server code.
This can slow down deployments or lead to failures when size limits are exceeded.
To resolve this, you can
- make sure the path is statically scoped to some subfolder, for example path.join(process.cwd(), 'data', bar), or
- only use them in development, or
- opt out by adding an ignore comment to the highlighted call: path.join(/*turbopackIgnore: true*/ ...), or
- remove them.

Import traces:
  #1 [App Route]:
    ./src/lib/production/ProductionExecutionPersistence.ts
    ./src/lib/pipeline/PipelineRunner.ts
    ./app/api/pipeline/route.ts

  #2 [Instrumentation]:
    ./src/lib/production/ProductionExecutionPersistence.ts
    ./src/lib/runtime/ProductionRuntimeCompositionRoot.ts
    ./instrumentation.ts

  #3 [App Route]:
    ./src/lib/production/ProductionExecutionPersistence.ts
    ./src/lib/ayas/execution/AyasGuidedRepair.ts
    ./src/lib/ayas/execution/AyasGuidedRepairSessionStore.ts
    ./app/api/ayas/chat/stream/route.ts

  #4 [Server Component]:
    ./src/lib/production/ProductionExecutionPersistence.ts
    ./src/lib/production/ProductionAcceptanceLegacyDurableRecoverySnapshot.ts
    ./src/lib/production/ProductionAcceptancePolicy.ts
    ./src/lib/pipeline/PipelineRecoveryPlanner.ts
    ./src/lib/ayas/AyasProjectCatalog.ts
    ./src/lib/brain/ui/AyasControlCenterCollector.ts
    ./src/lib/ayas/briefing/AyasExecutiveBriefingService.ts
    ./app/brain/briefing/page.tsx


./src/lib/production/ProductionExecutionPersistence.ts:164:27
Warning: Dynamic filesystem access causes tracing of the whole project
  162 |     try {
  163 |       for (const [kind, directoryName] of [["idempotency", "idempotency"], ["reservation"...
> 164 |         const directory = path.join(this.root, directoryName);
      |                           ^^^^^^^^^^^^^^^^^^^^^^^^^^^^^^^^^^^
  165 |         let names: string[];
  166 |         try { names = (await this.operations.readdir(directory)).sort(); }
  167 |         catch (error) {

Static analysis determined that this filesystem access causes the whole project to be traced and included in the output.
This is usually unintentional and leads to all source files (including the public folder) to be deployed as part of the server code.
This can slow down deployments or lead to failures when size limits are exceeded.
To resolve this, you can
- make sure the path is statically scoped to some subfolder, for example path.join(process.cwd(), 'data', bar), or
- only use them in development, or
- opt out by adding an ignore comment to the highlighted call: path.join(/*turbopackIgnore: true*/ ...), or
- remove them.

Import traces:
  #1 [App Route]:
    ./src/lib/production/ProductionExecutionPersistence.ts
    ./src/lib/pipeline/PipelineRunner.ts
    ./app/api/pipeline/route.ts

  #2 [Instrumentation]:
    ./src/lib/production/ProductionExecutionPersistence.ts
    ./src/lib/runtime/ProductionRuntimeCompositionRoot.ts
    ./instrumentation.ts

  #3 [App Route]:
    ./src/lib/production/ProductionExecutionPersistence.ts
    ./src/lib/ayas/execution/AyasGuidedRepair.ts
    ./src/lib/ayas/execution/AyasGuidedRepairSessionStore.ts
    ./app/api/ayas/chat/stream/route.ts

  #4 [Server Component]:
    ./src/lib/production/ProductionExecutionPersistence.ts
    ./src/lib/production/ProductionAcceptanceLegacyDurableRecoverySnapshot.ts
    ./src/lib/production/ProductionAcceptancePolicy.ts
    ./src/lib/pipeline/PipelineRecoveryPlanner.ts
    ./src/lib/ayas/AyasProjectCatalog.ts
    ./src/lib/brain/ui/AyasControlCenterCollector.ts
    ./src/lib/ayas/briefing/AyasExecutiveBriefingService.ts
    ./app/brain/briefing/page.tsx


./src/lib/production/ProductionExecutionPersistence.ts:177:64
Warning: Dynamic filesystem access causes tracing of the whole project
  175 | ...
  176 | ...tifactIdentity(directoryName, name);
> 177 | ...is.readRecoveryArtifact(kind, path.join(directory, name));
      |                                  ^^^^^^^^^^^^^^^^^^^^^^^^^^
  178 | ... = read.reasonCode === "RECOVERY_PARTIAL_ARTIFACT" ? "RECOVERY_RECORD_MALFORMED" : rea...
  179 | ...yFinding(artifactId, "canonical-record", read.classification, canonicalReason, canonic...
  180 | ...

Static analysis determined that this filesystem access causes the whole project to be traced and included in the output.
This is usually unintentional and leads to all source files (including the public folder) to be deployed as part of the server code.
This can slow down deployments or lead to failures when size limits are exceeded.
To resolve this, you can
- make sure the path is statically scoped to some subfolder, for example path.join(process.cwd(), 'data', bar), or
- only use them in development, or
- opt out by adding an ignore comment to the highlighted call: path.join(/*turbopackIgnore: true*/ ...), or
- remove them.

Import traces:
  #1 [App Route]:
    ./src/lib/production/ProductionExecutionPersistence.ts
    ./src/lib/pipeline/PipelineRunner.ts
    ./app/api/pipeline/route.ts

  #2 [Instrumentation]:
    ./src/lib/production/ProductionExecutionPersistence.ts
    ./src/lib/runtime/ProductionRuntimeCompositionRoot.ts
    ./instrumentation.ts

  #3 [App Route]:
    ./src/lib/production/ProductionExecutionPersistence.ts
    ./src/lib/ayas/execution/AyasGuidedRepair.ts
    ./src/lib/ayas/execution/AyasGuidedRepairSessionStore.ts
    ./app/api/ayas/chat/stream/route.ts

  #4 [Server Component]:
    ./src/lib/production/ProductionExecutionPersistence.ts
    ./src/lib/production/ProductionAcceptanceLegacyDurableRecoverySnapshot.ts
    ./src/lib/production/ProductionAcceptancePolicy.ts
    ./src/lib/pipeline/PipelineRecoveryPlanner.ts
    ./src/lib/ayas/AyasProjectCatalog.ts
    ./src/lib/brain/ui/AyasControlCenterCollector.ts
    ./src/lib/ayas/briefing/AyasExecutiveBriefingService.ts
    ./app/brain/briefing/page.tsx


./src/lib/production/ProductionExecutionPersistence.ts:182:64
Warning: Dynamic filesystem access causes tracing of the whole project
  180 | ...
  181 | ... nameSet.has(tempMatch[1]);
> 182 | ...is.readRecoveryArtifact(kind, path.join(directory, name));
      |                                  ^^^^^^^^^^^^^^^^^^^^^^^^^^
  183 | ...asonCode === "RECOVERY_RECORD_VALID";
  184 | ...yFinding(artifactIdentity(directoryName, name), valid ? "orphan-temp" : "partial-artif...
  185 | ...h(".tmp") || name.includes(".json.")) {

Static analysis determined that this filesystem access causes the whole project to be traced and included in the output.
This is usually unintentional and leads to all source files (including the public folder) to be deployed as part of the server code.
This can slow down deployments or lead to failures when size limits are exceeded.
To resolve this, you can
- make sure the path is statically scoped to some subfolder, for example path.join(process.cwd(), 'data', bar), or
- only use them in development, or
- opt out by adding an ignore comment to the highlighted call: path.join(/*turbopackIgnore: true*/ ...), or
- remove them.

Import traces:
  #1 [App Route]:
    ./src/lib/production/ProductionExecutionPersistence.ts
    ./src/lib/pipeline/PipelineRunner.ts
    ./app/api/pipeline/route.ts

  #2 [Instrumentation]:
    ./src/lib/production/ProductionExecutionPersistence.ts
    ./src/lib/runtime/ProductionRuntimeCompositionRoot.ts
    ./instrumentation.ts

  #3 [App Route]:
    ./src/lib/production/ProductionExecutionPersistence.ts
    ./src/lib/ayas/execution/AyasGuidedRepair.ts
    ./src/lib/ayas/execution/AyasGuidedRepairSessionStore.ts
    ./app/api/ayas/chat/stream/route.ts

  #4 [Server Component]:
    ./src/lib/production/ProductionExecutionPersistence.ts
    ./src/lib/production/ProductionAcceptanceLegacyDurableRecoverySnapshot.ts
    ./src/lib/production/ProductionAcceptancePolicy.ts
    ./src/lib/pipeline/PipelineRecoveryPlanner.ts
    ./src/lib/ayas/AyasProjectCatalog.ts
    ./src/lib/brain/ui/AyasControlCenterCollector.ts
    ./src/lib/ayas/briefing/AyasExecutiveBriefingService.ts
    ./app/brain/briefing/page.tsx


./src/lib/production/ProductionExecutionPersistence.ts:269:52
Warning: Dynamic filesystem access causes tracing of the whole project
  267 | ...ectoryName] of [["idempotency", "idempotency"], ["reservation", "reservations"]] as co...
  268 | ...;
> 269 | ...t this.operations.readdir(path.join(this.root, directoryName))).filter((name) => /^[a-...
      |                              ^^^^^^^^^^^^^^^^^^^^^^^^^^^^^^^^^^^
  270 | ...(errorCode(error) === "ENOENT") continue; return { records, requestIds, reservations, ...
  271 | ...names) {
  272 | ...path.join(this.root, directoryName, name);

Static analysis determined that this filesystem access causes the whole project to be traced and included in the output.
This is usually unintentional and leads to all source files (including the public folder) to be deployed as part of the server code.
This can slow down deployments or lead to failures when size limits are exceeded.
To resolve this, you can
- make sure the path is statically scoped to some subfolder, for example path.join(process.cwd(), 'data', bar), or
- only use them in development, or
- opt out by adding an ignore comment to the highlighted call: path.join(/*turbopackIgnore: true*/ ...), or
- remove them.

Import traces:
  #1 [App Route]:
    ./src/lib/production/ProductionExecutionPersistence.ts
    ./src/lib/pipeline/PipelineRunner.ts
    ./app/api/pipeline/route.ts

  #2 [Instrumentation]:
    ./src/lib/production/ProductionExecutionPersistence.ts
    ./src/lib/runtime/ProductionRuntimeCompositionRoot.ts
    ./instrumentation.ts

  #3 [App Route]:
    ./src/lib/production/ProductionExecutionPersistence.ts
    ./src/lib/ayas/execution/AyasGuidedRepair.ts
    ./src/lib/ayas/execution/AyasGuidedRepairSessionStore.ts
    ./app/api/ayas/chat/stream/route.ts

  #4 [Server Component]:
    ./src/lib/production/ProductionExecutionPersistence.ts
    ./src/lib/production/ProductionAcceptanceLegacyDurableRecoverySnapshot.ts
    ./src/lib/production/ProductionAcceptancePolicy.ts
    ./src/lib/pipeline/PipelineRecoveryPlanner.ts
    ./src/lib/ayas/AyasProjectCatalog.ts
    ./src/lib/brain/ui/AyasControlCenterCollector.ts
    ./src/lib/ayas/briefing/AyasExecutiveBriefingService.ts
    ./app/brain/briefing/page.tsx


./src/lib/production/ProductionExecutionPersistence.ts:272:26
Warning: Dynamic filesystem access causes tracing of the whole project
  270 | ...    catch (error) { if (errorCode(error) === "ENOENT") continue; return { records, req...
  271 | ...    for (const name of names) {
> 272 | ...      const filePath = path.join(this.root, directoryName, name);
      |                           ^^^^^^^^^^^^^^^^^^^^^^^^^^^^^^^^^^^^^^^^^
  273 | ...      const read = await this.readRecoveryArtifact(kind, filePath);
  274 | ...      if (read.reasonCode !== "RECOVERY_RECORD_VALID" || !isRecord(read.value)) continue;
  275 | ...      const canonicalKey = name.slice(0, -5);

Static analysis determined that this filesystem access causes the whole project to be traced and included in the output.
This is usually unintentional and leads to all source files (including the public folder) to be deployed as part of the server code.
This can slow down deployments or lead to failures when size limits are exceeded.
To resolve this, you can
- make sure the path is statically scoped to some subfolder, for example path.join(process.cwd(), 'data', bar), or
- only use them in development, or
- opt out by adding an ignore comment to the highlighted call: path.join(/*turbopackIgnore: true*/ ...), or
- remove them.

Import traces:
  #1 [App Route]:
    ./src/lib/production/ProductionExecutionPersistence.ts
    ./src/lib/pipeline/PipelineRunner.ts
    ./app/api/pipeline/route.ts

  #2 [Instrumentation]:
    ./src/lib/production/ProductionExecutionPersistence.ts
    ./src/lib/runtime/ProductionRuntimeCompositionRoot.ts
    ./instrumentation.ts

  #3 [App Route]:
    ./src/lib/production/ProductionExecutionPersistence.ts
    ./src/lib/ayas/execution/AyasGuidedRepair.ts
    ./src/lib/ayas/execution/AyasGuidedRepairSessionStore.ts
    ./app/api/ayas/chat/stream/route.ts

  #4 [Server Component]:
    ./src/lib/production/ProductionExecutionPersistence.ts
    ./src/lib/production/ProductionAcceptanceLegacyDurableRecoverySnapshot.ts
    ./src/lib/production/ProductionAcceptancePolicy.ts
    ./src/lib/pipeline/PipelineRecoveryPlanner.ts
    ./src/lib/ayas/AyasProjectCatalog.ts
    ./src/lib/brain/ui/AyasControlCenterCollector.ts
    ./src/lib/ayas/briefing/AyasExecutiveBriefingService.ts
    ./app/brain/briefing/page.tsx


./src/lib/production/ProductionExecutionPersistence.ts:328:72
Warning: Dynamic filesystem access causes tracing of the whole project
  326 | ...ring): Promise<{ kind: "idempotency" | "reservation"; filePath: string } | undefined> {
  327 | ...empotency", "idempotency"], ["reservation", "reservations"]] as const) {
> 328 | ...t this.operations.readdir(path.join(this.root, directoryName)); } catch { continue; }
      |                              ^^^^^^^^^^^^^^^^^^^^^^^^^^^^^^^^^^^
  329 | ...[a-zA-Z0-9-]{1,80}\.tmp$/.test(name) && artifactIdentity(directoryName, name) === arti...
  330 | ...
  331 | ...

Static analysis determined that this filesystem access causes the whole project to be traced and included in the output.
This is usually unintentional and leads to all source files (including the public folder) to be deployed as part of the server code.
This can slow down deployments or lead to failures when size limits are exceeded.
To resolve this, you can
- make sure the path is statically scoped to some subfolder, for example path.join(process.cwd(), 'data', bar), or
- only use them in development, or
- opt out by adding an ignore comment to the highlighted call: path.join(/*turbopackIgnore: true*/ ...), or
- remove them.

Import traces:
  #1 [App Route]:
    ./src/lib/production/ProductionExecutionPersistence.ts
    ./src/lib/pipeline/PipelineRunner.ts
    ./app/api/pipeline/route.ts

  #2 [Instrumentation]:
    ./src/lib/production/ProductionExecutionPersistence.ts
    ./src/lib/runtime/ProductionRuntimeCompositionRoot.ts
    ./instrumentation.ts

  #3 [App Route]:
    ./src/lib/production/ProductionExecutionPersistence.ts
    ./src/lib/ayas/execution/AyasGuidedRepair.ts
    ./src/lib/ayas/execution/AyasGuidedRepairSessionStore.ts
    ./app/api/ayas/chat/stream/route.ts

  #4 [Server Component]:
    ./src/lib/production/ProductionExecutionPersistence.ts
    ./src/lib/production/ProductionAcceptanceLegacyDurableRecoverySnapshot.ts
    ./src/lib/production/ProductionAcceptancePolicy.ts
    ./src/lib/pipeline/PipelineRecoveryPlanner.ts
    ./src/lib/ayas/AyasProjectCatalog.ts
    ./src/lib/brain/ui/AyasControlCenterCollector.ts
    ./src/lib/ayas/briefing/AyasExecutiveBriefingService.ts
    ./app/brain/briefing/page.tsx


./src/lib/production/ProductionExecutionPersistence.ts:329:165
Warning: Dynamic filesystem access causes tracing of the whole project
  327 | ...
  328 | ...
> 329 | ...turn { kind, filePath: path.join(this.root, directoryName, name) };
      |                           ^^^^^^^^^^^^^^^^^^^^^^^^^^^^^^^^^^^^^^^^^
  330 | ...
  331 | ...
  332 | ...

Static analysis determined that this filesystem access causes the whole project to be traced and included in the output.
This is usually unintentional and leads to all source files (including the public folder) to be deployed as part of the server code.
This can slow down deployments or lead to failures when size limits are exceeded.
To resolve this, you can
- make sure the path is statically scoped to some subfolder, for example path.join(process.cwd(), 'data', bar), or
- only use them in development, or
- opt out by adding an ignore comment to the highlighted call: path.join(/*turbopackIgnore: true*/ ...), or
- remove them.

Import traces:
  #1 [App Route]:
    ./src/lib/production/ProductionExecutionPersistence.ts
    ./src/lib/pipeline/PipelineRunner.ts
    ./app/api/pipeline/route.ts

  #2 [Instrumentation]:
    ./src/lib/production/ProductionExecutionPersistence.ts
    ./src/lib/runtime/ProductionRuntimeCompositionRoot.ts
    ./instrumentation.ts

  #3 [App Route]:
    ./src/lib/production/ProductionExecutionPersistence.ts
    ./src/lib/ayas/execution/AyasGuidedRepair.ts
    ./src/lib/ayas/execution/AyasGuidedRepairSessionStore.ts
    ./app/api/ayas/chat/stream/route.ts

  #4 [Server Component]:
    ./src/lib/production/ProductionExecutionPersistence.ts
    ./src/lib/production/ProductionAcceptanceLegacyDurableRecoverySnapshot.ts
    ./src/lib/production/ProductionAcceptancePolicy.ts
    ./src/lib/pipeline/PipelineRecoveryPlanner.ts
    ./src/lib/ayas/AyasProjectCatalog.ts
    ./src/lib/brain/ui/AyasControlCenterCollector.ts
    ./src/lib/ayas/briefing/AyasExecutiveBriefingService.ts
    ./app/brain/briefing/page.tsx


./src/lib/projects/ProjectWriter.ts:157:28
Warning: Dynamic filesystem access causes tracing of the whole project
  155 |         `.${fileName}.${process.pid}.${randomUUID()}.tmp`,
  156 |       );
> 157 |       const handle = await fs.open(temporaryFile, "wx");
      |                            ^^^^^^^^^^^^^^^^^^^^^^^^^^^^
  158 |       try {
  159 |         await handle.writeFile(JSON.stringify(data, null, 2), "utf-8");
  160 |         await handle.sync();

Static analysis determined that this filesystem access causes the whole project to be traced and included in the output.
This is usually unintentional and leads to all source files (including the public folder) to be deployed as part of the server code.
This can slow down deployments or lead to failures when size limits are exceeded.
To resolve this, you can
- make sure the path is statically scoped to some subfolder, for example path.join(process.cwd(), 'data', bar), or
- only use them in development, or
- opt out by adding an ignore comment to the highlighted call: fs.open(/*turbopackIgnore: true*/ ...), or
- remove them.

Import traces:
  #1 [App Route]:
    ./src/lib/projects/ProjectWriter.ts
    ./app/api/research/route.ts

  #2 [App Route]:
    ./src/lib/projects/ProjectWriter.ts
    ./src/lib/audio/AudioCompensationStore.ts
    ./src/lib/assets/storage/AudioStorage.ts
    ./app/api/assets/audio/[slug]/[fileName]/route.ts

  #3 [Instrumentation]:
    ./src/lib/projects/ProjectWriter.ts
    ./src/lib/pipeline/PipelineJobManager.ts
    ./src/lib/pipeline/PipelineRunner.ts
    ./src/lib/production/ProductionPipelineExecutionConfiguration.ts
    ./src/lib/runtime/ProductionRuntimeCompositionRoot.ts
    ./instrumentation.ts

  #4 [Server Component]:
    ./src/lib/projects/ProjectWriter.ts
    ./src/lib/production/ProductionAcceptancePolicy.ts
    ./src/lib/pipeline/PipelineRecoveryPlanner.ts
    ./src/lib/ayas/AyasProjectCatalog.ts
    ./src/lib/brain/ui/AyasControlCenterCollector.ts
    ./src/lib/ayas/briefing/AyasExecutiveBriefingService.ts
    ./app/brain/briefing/page.tsx


./src/lib/runtime/access/AyasPhoneAccessHealth.ts:74:52
Warning: Dynamic filesystem access causes tracing of the whole project
  72 | ...althOptions = {},
  73 | ...
> 74 | ....statusFilePath ?? path.join(process.cwd(), ...STATUS_RELATIVE_PATH);
     |                       ^^^^^^^^^^^^^^^^^^^^^^^^^^^^^^^^^^^^^^^^^^^^^^^^^
  75 | ... => Date.now());
  76 | ...
  77 | ...

Static analysis determined that this filesystem access causes the whole project to be traced and included in the output.
This is usually unintentional and leads to all source files (including the public folder) to be deployed as part of the server code.
This can slow down deployments or lead to failures when size limits are exceeded.
To resolve this, you can
- make sure the path is statically scoped to some subfolder, for example path.join(process.cwd(), 'data', bar), or
- only use them in development, or
- opt out by adding an ignore comment to the highlighted call: path.join(/*turbopackIgnore: true*/ ...), or
- remove them.

Import traces:
  #1 [App Route]:
    ./src/lib/runtime/access/AyasPhoneAccessHealth.ts
    ./app/api/ayas/phone-access/route.ts

  #2 [App Route]:
    ./src/lib/runtime/access/AyasPhoneAccessHealth.ts
    ./src/lib/runtime/security/PortableNoClobberFilePublisher.ts
    ./src/lib/assets/storage/AudioStorage.ts
    ./app/api/assets/audio/[slug]/[fileName]/route.ts


./src/lib/runtime/security/PortableNoClobberFilePublisher.ts:247:29
Warning: Dynamic filesystem access causes tracing of the whole project
  245 |       throw new Error("Portable publication source identity changed.");
  246 |     }
> 247 |     destinationDescriptor = fs.openSync(stagingPath, "wx+", 0o600);
      |                             ^^^^^^^^^^^^^^^^^^^^^^^^^^^^^^^^^^^^^^
  248 |     const openedDestination = fs.fstatSync(destinationDescriptor);
  249 |     if (!openedDestination.isFile()) {
  250 |       throw new Error("Portable publication destination is invalid.");

Static analysis determined that this filesystem access causes the whole project to be traced and included in the output.
This is usually unintentional and leads to all source files (including the public folder) to be deployed as part of the server code.
This can slow down deployments or lead to failures when size limits are exceeded.
To resolve this, you can
- make sure the path is statically scoped to some subfolder, for example path.join(process.cwd(), 'data', bar), or
- only use them in development, or
- opt out by adding an ignore comment to the highlighted call: fs.openSync(/*turbopackIgnore: true*/ ...), or
- remove them.

Import traces:
  App Route:
    ./src/lib/runtime/security/PortableNoClobberFilePublisher.ts
    ./src/lib/assets/storage/AudioStorage.ts
    ./app/api/assets/audio/[slug]/[fileName]/route.ts

  Instrumentation:
    ./src/lib/runtime/security/PortableNoClobberFilePublisher.ts
    ./src/lib/assets/storage/AudioStorage.ts
    ./src/lib/audio/AudioPipeline.ts
    ./src/lib/pipeline/PipelineStageExecutor.ts
    ./src/lib/pipeline/PipelineRunner.ts
    ./src/lib/production/ProductionPipelineExecutionConfiguration.ts
    ./src/lib/runtime/ProductionRuntimeCompositionRoot.ts
    ./instrumentation.ts


./src/lib/thumbnail/providers/LocalThumbnailProvider.ts:123:22
Warning: Dynamic filesystem access causes tracing of the whole project
  121 |       ];
  122 |       // cwd = workdir so the bare `font.ttf` filter reference resolves.
> 123 |       const result = spawnSync(ffmpeg, args, {
      |                      ^^^^^^^^^^^^^^^^^^^^^^^^
> 124 |         timeout: 60_000, windowsHide: true, cwd: workdir,
      | ^^^^^^^^^^^^^^^^^^^^^^^^^^^^^^^^^^^^^^^^^^^^^^^^^^^^^^^^^
> 125 |       });
      | ^^^^^^^^
  126 |       if (result.status !== 0 || !fs.existsSync(outputPath)) {
  127 |         return failure(assetId, createdAt);
  128 |       }

Static analysis determined that this filesystem access causes the whole project to be traced and included in the output.
This is usually unintentional and leads to all source files (including the public folder) to be deployed as part of the server code.
This can slow down deployments or lead to failures when size limits are exceeded.
To resolve this, you can
- make sure the path is statically scoped to some subfolder, for example path.join(process.cwd(), 'data', bar), or
- only use them in development, or
- opt out by adding an ignore comment to the highlighted call: child_process.spawnSync(/*turbopackIgnore: true*/ ...), or
- remove them.

Import traces:
  #1 [App Route]:
    ./src/lib/thumbnail/providers/LocalThumbnailProvider.ts
    ./src/lib/runtime/security/PortableNoClobberFilePublisher.ts
    ./src/lib/assets/storage/AudioStorage.ts
    ./app/api/assets/audio/[slug]/[fileName]/route.ts

  #2 [App Route]:
    ./src/lib/thumbnail/providers/LocalThumbnailProvider.ts
    ./src/lib/thumbnail/ThumbnailProviderRouter.ts
    ./src/lib/thumbnail/ThumbnailEngine.ts
    ./app/api/thumbnails/route.ts

  #3 [Instrumentation]:
    ./src/lib/thumbnail/providers/LocalThumbnailProvider.ts
    ./src/lib/thumbnail/ThumbnailProviderRouter.ts
    ./src/lib/pipeline/PipelineStageExecutor.ts
    ./src/lib/pipeline/PipelineRunner.ts
    ./src/lib/production/ProductionPipelineExecutionConfiguration.ts
    ./src/lib/runtime/ProductionRuntimeCompositionRoot.ts
    ./instrumentation.ts


  Finalizing page optimization ...

Route (app)
┌ ƒ /
├ ○ /_not-found
├ ƒ /api/animations
├ ƒ /api/assembly
├ ƒ /api/assets
├ ƒ /api/assets/audio/[slug]/[fileName]
├ ƒ /api/assets/images/[slug]/[fileName]
├ ƒ /api/assets/thumbnails/[slug]/[fileName]
├ ƒ /api/assets/videos/[slug]/[fileName]
├ ƒ /api/audio
├ ƒ /api/auth/login
├ ƒ /api/auth/logout
├ ƒ /api/ayas/chat/stream
├ ƒ /api/ayas/intake
├ ƒ /api/ayas/phone-access
├ ƒ /api/ayas/stt
├ ƒ /api/ayas/trace/[traceId]
├ ƒ /api/brain/snapshot
├ ƒ /api/export
├ ƒ /api/pipeline
├ ƒ /api/production/health/[slug]
├ ƒ /api/projects
├ ƒ /api/projects/[slug]/ai-usage
├ ƒ /api/projects/[slug]/pipeline/history
├ ƒ /api/projects/[slug]/pipeline/jobs
├ ƒ /api/projects/[slug]/pipeline/jobs/[jobId]
├ ƒ /api/projects/[slug]/pipeline/resume
├ ƒ /api/projects/[slug]/pipeline/retry
├ ƒ /api/research
├ ƒ /api/runtime/health
├ ƒ /api/seo
├ ƒ /api/thumbnail
├ ƒ /api/thumbnails
├ ƒ /api/video
├ ƒ /api/visuals
├ ƒ /api/youtube
├ ƒ /brain
├ ƒ /brain/briefing
├ ƒ /brain/constitution
├ ƒ /brain/revenue
├ ƒ /brain/safe-mode
├ ○ /brain/voice-lab
├ ○ /brain/voice-lab/phone-llm
├ ○ /brain/voice-lab/wake
├ ƒ /login
├ ○ /manifest.webmanifest
├ ○ /offline
├ ƒ /project/[slug]
├ ○ /research
├ ○ /scenes
├ ○ /script
├ ○ /studio
└ ○ /visuals


ƒ Proxy (Middleware)

○  (Static)   prerendered as static content
ƒ  (Dynamic)  server-rendered on demand


> atolye-v2@0.1.0 postbuild
> tsx scripts/ayas-build-stamp.ts

ayas-build-stamp: dbf9542e352e CLEAN
